hole_id,from,to,Au_ppm,Ag_ppm,Cu_pct,Pb_pct,Zn_pct,As_ppm,Al_pct,Fe_pct,Mg_pct,Ca_pct,Na_pct,K_pct,Ti_pct
OR-26-01,0.0,2.0,0.005,0.02,0.004,0.002,0.015,3.8,7.93,3.14,2.72,1.58,0.64,1.12,0.39
OR-26-01,2.0,4.0,0.017,0.07,0.008,0.001,0.012,1.3,6.28,3.94,2.17,1.91,0.8,1.79,0.51
OR-26-01,4.0,6.0,0.006,0.02,0.004,0.003,0.014,6.3,7.63,3.94,2.39,2.19,1.08,1.46,0.55
OR-26-01,6.0,8.0,0.027,0.13,0.01,0.001,0.008,3.2,5.35,3.18,2.54,1.26,0.75,1.39,0.56
OR-26-01,8.0,10.0,0.005,0.02,0.01,0.003,0.01,2.2,9.7,5.45,2.38,1.79,1.01,2.63,0.65
OR-26-01,10.0,12.0,0.048,0.23,0.007,0.004,0.013,5.5,10.2,4.31,2.45,1.19,1.1,2.31,0.56
OR-26-01,12.0,14.0,0.009,0.02,0.006,0.003,0.026,2.2,10.09,4.37,2.77,3.98,1.7,2.73,0.53
OR-26-01,14.0,16.0,0.006,0.02,0.009,0.002,0.011,1.2,11.94,6.59,2.54,1.78,1.55,2.25,0.81
OR-26-01,16.0,18.0,0.013,0.04,0.002,0.003,0.014,2.8,9.08,4.84,1.89,3.08,2.43,2.67,0.87
OR-26-01,18.0,20.0,0.009,0.03,0.005,0.009,0.032,3.1,11.4,4.25,2.49,3.73,2.17,3.13,0.69
OR-26-01,20.0,22.0,0.005,0.03,0.006,0.001,0.008,2.4,9.39,4.04,2.96,2.95,1.79,3.4,0.67
OR-26-01,22.0,24.0,0.007,0.02,0.004,0.001,0.008,6.4,10.37,5.75,2.86,2.26,2.38,2.75,0.71
OR-26-01,24.0,26.0,0.011,0.04,0.009,0.002,0.01,2.3,10.67,6.35,1.66,2.68,1.37,2.42,0.81
OR-26-01,26.0,28.0,0.011,0.06,0.013,0.003,0.014,4.8,10.6,5.43,2.91,3.1,2.31,3.41,0.6
OR-26-01,28.0,30.0,0.033,0.18,0.005,0.002,0.011,0.9,10.98,4.43,2.82,3.9,1.33,3.43,0.66
OR-26-01,30.0,32.0,0.003,0.02,0.004,0.002,0.011,1.7,9.06,5.66,2.16,1.05,1.5,2.94,0.7
OR-26-01,32.0,34.0,0.006,0.02,0.009,0.002,0.006,5.2,9.45,6.76,2.36,3.1,1.13,2.09,0.78
OR-26-01,34.0,36.0,0.01,0.06,0.012,0.002,0.01,6.0,9.39,5.58,1.86,1.33,1.24,2.08,0.58
OR-26-01,36.0,38.0,0.008,0.04,0.005,0.001,0.007,5.7,9.57,5.42,2.9,1.32,2.23,2.65,0.7
OR-26-01,38.0,40.0,0.02,0.08,0.003,0.003,0.018,2.8,9.39,4.21,2.61,1.77,1.24,2.13,0.84
OR-26-01,40.0,42.0,0.035,0.11,0.005,0.002,0.011,2.4,9.0,5.14,2.21,2.51,1.3,2.76,0.5
OR-26-01,42.0,44.0,0.009,0.03,0.005,0.003,0.013,5.9,11.64,5.17,1.99,3.95,1.22,3.09,0.76
OR-26-01,44.0,46.0,0.033,0.16,0.009,0.003,0.012,7.4,11.05,6.08,1.84,1.09,1.2,2.54,0.54
OR-26-01,46.0,48.0,0.024,0.11,0.009,0.003,0.011,5.6,10.61,5.98,1.6,3.21,1.38,2.11,0.61
OR-26-01,48.0,50.0,0.015,0.07,0.015,0.002,0.009,6.8,9.29,5.23,2.29,4.76,3.47,1.37,0.78
OR-26-01,50.0,52.0,0.005,0.02,0.008,0.002,0.011,2.6,9.94,6.35,2.54,4.63,3.73,1.25,0.79
OR-26-01,52.0,54.0,0.005,0.03,0.007,0.004,0.014,3.3,8.01,6.48,2.9,4.91,2.68,1.41,0.66
OR-26-01,54.0,56.0,0.055,0.14,0.011,0.003,0.009,3.8,8.86,5.83,2.1,4.31,3.59,1.34,0.97
OR-26-01,56.0,58.0,0.008,0.03,0.004,0.007,0.023,9.1,9.44,5.15,3.46,5.35,3.48,1.77,0.64
OR-26-01,58.0,60.0,0.005,0.02,0.003,0.003,0.013,2.9,8.32,5.62,3.81,5.49,2.79,2.09,1.0
OR-26-01,60.0,62.0,0.01,0.03,0.004,0.001,0.007,6.3,9.5,6.24,2.83,5.57,2.99,1.41,0.53
OR-26-01,62.0,64.0,0.005,0.02,0.01,0.002,0.009,1.0,9.7,7.62,2.04,4.1,3.42,2.07,0.74
OR-26-01,64.0,66.0,0.002,0.02,0.005,0.001,0.006,6.3,8.91,6.65,2.08,6.35,2.8,2.1,0.82
OR-26-01,66.0,68.0,0.009,0.03,0.01,0.002,0.012,1.6,8.02,5.9,2.92,6.88,3.34,2.06,0.74
OR-26-01,68.0,70.0,0.008,0.05,0.009,0.001,0.005,3.0,9.33,7.78,2.45,4.1,2.94,1.5,0.84
OR-26-01,70.0,72.0,0.018,0.05,0.012,0.002,0.016,4.9,9.9,6.49,2.37,4.67,3.04,1.8,0.97
OR-26-01,72.0,74.0,0.006,0.02,0.003,0.003,0.009,4.4,8.75,6.0,2.34,4.01,2.86,1.42,0.98
OR-26-01,74.0,76.0,0.007,0.04,0.011,0.001,0.005,5.7,8.73,7.69,2.06,5.23,3.56,1.92,0.52
OR-26-01,76.0,78.0,0.02,0.1,0.011,0.003,0.013,2.6,8.01,7.27,3.83,5.9,3.73,1.03,0.62
OR-26-01,78.0,80.0,0.006,0.03,0.006,0.003,0.01,13.3,9.55,6.82,2.66,4.96,2.97,1.94,0.54
OR-26-01,80.0,82.0,0.003,0.02,0.007,0.002,0.011,2.1,9.24,7.02,3.5,6.54,3.36,1.15,0.92
OR-26-01,82.0,84.0,0.007,0.02,0.009,0.001,0.008,8.5,8.65,6.19,3.98,5.52,2.8,1.97,0.83
OR-26-01,84.0,86.0,0.01,0.05,0.006,0.005,0.031,6.6,8.52,7.33,3.89,4.32,3.27,1.74,0.61
OR-26-01,86.0,88.0,0.009,0.03,0.004,0.001,0.013,1.9,8.37,5.94,2.41,6.39,3.21,1.08,0.55
OR-26-01,88.0,90.0,0.009,0.04,0.004,0.002,0.015,2.1,8.71,6.25,3.73,6.99,2.97,1.24,0.86
OR-26-01,90.0,92.0,0.023,0.12,0.003,0.001,0.011,3.8,9.82,5.27,3.24,5.11,3.16,1.18,0.64
OR-26-01,92.0,94.0,0.015,0.04,0.006,0.003,0.024,6.8,9.81,6.86,3.65,4.48,3.52,1.27,0.7
OR-26-01,94.0,96.0,0.007,0.03,0.007,0.002,0.007,4.3,8.08,7.51,2.24,5.8,3.22,1.75,0.65
OR-26-01,96.0,98.0,0.009,0.03,0.009,0.002,0.011,3.3,9.53,7.34,2.92,4.54,3.12,1.13,0.56
OR-26-01,98.0,100.0,0.01,0.04,0.007,0.003,0.013,6.0,8.11,6.51,2.76,6.85,2.68,2.03,1.0
OR-26-01,100.0,102.0,0.04,0.11,0.015,0.001,0.007,5.8,9.63,5.43,3.0,6.76,2.77,1.32,0.75
OR-26-01,102.0,104.0,0.009,0.02,0.029,0.001,0.005,1.1,9.11,6.74,3.77,4.31,3.79,1.76,0.7
OR-26-01,104.0,106.0,0.017,0.1,0.007,0.002,0.017,4.3,9.64,5.76,3.28,6.95,3.26,1.8,0.66
OR-26-01,106.0,108.0,0.004,0.02,0.007,0.002,0.007,2.8,8.71,5.67,3.17,5.77,2.77,1.75,0.74
OR-26-01,108.0,110.0,0.008,0.02,0.017,0.003,0.017,3.7,9.29,6.33,3.87,6.2,2.82,2.08,0.52
OR-26-01,110.0,112.0,0.012,0.04,0.003,0.003,0.011,2.0,8.6,5.15,3.78,6.35,3.43,1.01,0.92
OR-26-01,112.0,114.0,0.747,9.28,0.046,0.005,0.041,7.5,9.39,7.54,3.42,4.8,3.22,1.52,0.89
OR-26-01,114.0,116.0,0.386,4.41,0.034,0.05,0.136,12.5,9.82,6.89,3.39,6.0,3.77,1.56,0.92
OR-26-01,116.0,118.0,3.132,29.35,0.093,0.017,0.059,13.2,8.06,5.12,3.39,5.9,3.41,1.88,0.53
OR-26-01,118.0,120.0,0.458,6.03,0.027,0.068,0.235,12.4,8.2,7.27,2.41,4.96,3.05,1.03,0.63
OR-26-01,120.0,122.0,0.809,11.53,0.381,0.195,0.663,61.3,5.04,5.82,1.31,0.48,0.7,1.73,0.45
OR-26-01,122.0,124.0,0.35,8.62,0.347,0.057,0.209,166.7,6.83,4.13,0.82,1.11,0.45,1.77,0.39
OR-26-01,124.0,126.0,14.694,274.41,0.264,0.022,0.124,52.1,6.7,5.0,1.07,1.35,0.26,2.65,0.36
OR-26-01,126.0,128.0,17.591,334.0,0.27,0.303,1.448,62.1,5.74,3.5,1.19,1.35,0.27,1.98,0.29
OR-26-01,128.0,130.0,27.921,296.75,0.196,0.065,0.313,67.3,6.93,5.91,0.65,1.45,0.17,2.46,0.5
OR-26-01,130.0,132.0,20.021,308.2,0.116,0.073,0.255,31.1,6.37,5.77,1.25,1.02,0.42,1.85,0.38
OR-26-01,132.0,134.0,1.598,37.45,0.294,0.245,1.067,315.5,6.56,5.72,1.46,0.79,0.32,3.07,0.23
OR-26-01,134.0,136.0,1.594,32.08,0.466,0.162,0.442,61.4,6.79,3.73,1.48,1.21,0.37,2.72,0.49
OR-26-01,136.0,138.0,0.53,5.69,0.379,0.283,0.705,94.3,6.49,5.09,1.12,1.43,0.25,3.21,0.32
OR-26-01,138.0,140.0,5.02,124.17,0.298,0.047,0.307,74.2,6.09,4.41,0.9,0.49,0.62,3.85,0.36
OR-26-01,140.0,142.0,0.265,3.89,0.234,1.923,5.169,81.7,4.68,6.86,1.03,1.03,0.67,3.54,0.34
OR-26-01,142.0,144.0,1.376,13.94,0.748,0.324,1.149,49.9,4.56,3.01,1.58,0.57,0.27,2.25,0.34
OR-26-01,144.0,146.0,2.142,41.14,0.579,0.344,2.213,119.7,4.3,3.57,0.85,1.21,0.34,1.88,0.47
OR-26-01,146.0,148.0,0.632,8.79,0.09,0.244,0.726,27.3,8.39,11.12,7.23,7.75,2.68,0.69,1.21
OR-26-01,148.0,150.0,0.228,2.26,0.018,0.008,0.031,23.2,7.01,12.36,6.4,8.25,2.47,0.89,1.3
OR-26-01,150.0,152.0,0.015,0.1,0.078,0.031,0.084,20.6,8.72,10.46,6.42,8.1,2.57,0.45,1.35
OR-26-01,152.0,154.0,0.281,3.73,0.012,0.011,0.063,22.4,8.31,12.17,5.99,7.27,2.1,0.71,1.51
OR-26-01,154.0,156.0,0.012,0.04,0.017,0.006,0.021,4.5,8.25,11.79,6.79,8.72,2.01,0.77,1.37
OR-26-01,156.0,158.0,0.015,0.04,0.019,0.002,0.006,3.6,7.6,10.69,5.96,7.72,2.44,0.95,1.04
OR-26-01,158.0,160.0,0.012,0.03,0.013,0.002,0.021,2.5,8.88,12.92,6.43,7.65,1.9,0.75,1.17
OR-26-01,160.0,162.0,0.015,0.07,0.015,0.004,0.034,5.2,7.92,12.73,5.76,9.86,2.52,0.31,1.01
OR-26-01,162.0,164.0,0.026,0.06,0.004,0.002,0.011,3.8,8.35,9.58,7.39,7.45,2.44,0.74,1.33
OR-26-01,164.0,166.0,0.006,0.03,0.012,0.003,0.009,11.2,7.66,11.42,7.93,9.33,2.4,0.52,1.34
OR-26-01,166.0,168.0,0.021,0.1,0.016,0.002,0.016,2.2,8.17,12.26,7.66,6.17,2.63,0.87,1.69
OR-26-01,168.0,170.0,0.012,0.06,0.016,0.002,0.019,4.4,7.4,12.0,7.8,6.94,2.41,0.77,1.37
OR-26-01,170.0,172.0,0.007,0.04,0.011,0.003,0.015,3.5,8.18,9.76,5.58,6.72,2.5,0.55,1.45
OR-26-01,172.0,174.0,0.009,0.02,0.006,0.002,0.019,3.9,8.04,9.08,5.1,9.96,2.67,0.64,1.45
OR-26-01,174.0,176.0,0.004,0.02,0.005,0.003,0.016,1.1,7.79,9.48,7.88,7.03,2.36,0.75,1.77
OR-26-01,176.0,178.0,0.015,0.06,0.004,0.001,0.003,9.2,8.29,12.94,5.17,6.58,2.55,0.96,1.54
OR-26-01,178.0,180.0,0.007,0.04,0.004,0.002,0.009,2.1,7.29,11.71,5.04,8.87,2.0,0.33,1.74
OR-26-01,180.0,182.0,0.006,0.02,0.008,0.001,0.005,3.9,7.44,9.23,7.14,8.21,1.94,0.91,1.21
OR-26-01,182.0,184.0,0.01,0.03,0.01,0.001,0.006,11.3,7.42,10.91,5.86,7.03,2.0,0.55,1.79
OR-26-01,184.0,186.0,0.006,0.03,0.006,0.002,0.011,5.7,8.14,9.55,5.54,9.08,2.51,0.44,1.06
OR-26-01,186.0,188.0,0.004,0.02,0.005,0.004,0.015,3.7,7.13,11.93,6.22,8.89,1.86,0.87,1.27
OR-26-01,188.0,190.0,0.011,0.06,0.006,0.002,0.009,2.8,7.74,11.38,5.01,8.08,2.25,0.66,1.1
OR-26-01,190.0,192.0,0.037,0.2,0.004,0.001,0.007,3.3,8.06,11.15,5.06,9.87,2.02,0.43,1.08
OR-26-01,192.0,194.0,0.003,0.02,0.008,0.001,0.012,12.7,7.09,9.49,6.48,8.0,2.08,0.39,1.32
OR-26-01,194.0,196.0,0.004,0.02,0.003,0.004,0.014,6.9,7.84,12.36,6.58,7.58,2.74,0.84,1.27
OR-26-01,196.0,198.0,0.007,0.03,0.01,0.003,0.018,4.1,8.06,9.28,6.3,8.02,1.82,0.4,1.78
OR-26-01,198.0,200.0,0.023,0.13,0.008,0.003,0.014,10.5,7.5,11.08,6.3,9.8,2.09,0.51,1.52
OR-26-01,200.0,202.0,0.004,0.02,0.007,0.001,0.01,2.1,7.59,10.63,5.86,6.97,1.89,0.68,1.67
OR-26-01,202.0,204.0,0.014,0.06,0.003,0.002,0.01,3.2,7.48,9.89,6.54,7.53,2.39,0.31,1.28
OR-26-01,204.0,206.0,0.018,0.08,0.007,0.002,0.015,6.6,7.12,10.55,6.32,8.94,1.91,0.46,1.77
OR-26-01,206.0,208.0,0.015,0.05,0.005,0.006,0.022,3.6,8.49,12.04,6.43,9.14,2.51,0.94,1.1
OR-26-01,208.0,210.0,0.021,0.08,0.005,0.004,0.025,3.0,8.45,10.17,6.17,8.22,2.18,0.53,1.63
OR-26-01,210.0,212.0,0.023,0.09,0.005,0.001,0.005,1.0,11.51,6.88,1.81,2.28,2.37,2.02,0.52
OR-26-01,212.0,214.0,0.013,0.07,0.011,0.002,0.012,2.3,10.05,6.84,2.51,2.58,1.15,2.56,0.66
OR-26-01,214.0,216.0,0.013,0.07,0.015,0.003,0.01,2.4,11.45,4.51,1.98,3.94,2.24,2.77,0.54
OR-26-01,216.0,218.0,0.022,0.06,0.005,0.002,0.011,4.7,10.06,6.98,2.45,1.13,1.62,3.18,0.62
OR-26-01,218.0,220.0,0.003,0.02,0.008,0.002,0.011,4.6,11.99,5.72,2.12,1.36,1.24,3.14,0.54
OR-26-01,220.0,222.0,0.007,0.03,0.014,0.001,0.007,2.1,9.3,6.71,2.37,2.05,1.67,2.58,0.52
OR-26-01,222.0,224.0,0.029,0.17,0.006,0.004,0.016,8.5,11.85,4.73,2.08,3.16,1.33,2.46,0.85
OR-26-01,224.0,226.0,0.01,0.03,0.004,0.001,0.007,3.5,10.21,4.2,1.68,3.48,1.53,2.37,0.58
OR-26-01,226.0,228.0,0.008,0.02,0.008,0.001,0.004,0.8,9.38,5.33,2.75,3.41,1.24,2.53,0.79
OR-26-01,228.0,230.0,0.011,0.04,0.002,0.002,0.013,3.8,11.62,4.37,2.27,2.63,1.41,3.16,0.65
OR-26-01,230.0,232.0,0.016,0.05,0.006,0.001,0.007,3.7,10.5,4.89,1.6,1.93,1.34,2.19,0.79
OR-26-01,232.0,234.0,0.008,0.05,0.01,0.003,0.018,2.5,11.1,4.75,2.77,2.06,1.94,2.27,0.55
OR-26-01,234.0,236.0,0.014,0.03,0.005,0.001,0.008,1.9,9.54,6.52,2.36,3.15,1.38,2.65,0.77
OR-26-01,236.0,238.0,0.009,0.05,0.007,0.002,0.009,4.4,11.08,5.18,2.62,3.49,1.42,2.13,0.88
OR-26-01,238.0,240.0,0.004,0.02,0.022,0.002,0.014,4.7,10.54,6.78,1.69,3.29,1.07,3.05,0.82
OR-26-01,240.0,242.0,0.006,0.04,0.009,0.002,0.009,3.0,9.93,4.41,2.56,3.01,1.36,2.36,0.71
OR-26-01,242.0,244.0,0.005,0.02,0.003,0.001,0.005,4.6,11.0,5.8,2.19,3.3,2.25,2.17,0.62
OR-26-01,244.0,246.0,0.009,0.02,0.005,0.002,0.015,2.4,10.09,4.5,1.61,1.03,2.49,3.13,0.53
OR-26-01,246.0,248.0,0.012,0.05,0.006,0.003,0.012,5.0,8.87,11.61,5.75,6.98,1.94,0.32,1.62
OR-26-01,248.0,250.0,0.018,0.05,0.015,0.002,0.015,5.4,7.74,11.2,6.11,9.33,2.04,0.33,1.45
OR-26-01,250.0,252.0,0.023,0.11,0.007,0.002,0.007,1.8,8.94,9.36,5.12,7.76,1.99,0.81,1.0
OR-26-01,252.0,254.0,0.019,0.06,0.009,0.002,0.01,8.9,8.81,9.66,5.89,7.77,2.36,0.54,1.16
OR-26-01,254.0,256.0,0.006,0.02,0.01,0.002,0.007,3.1,7.6,10.37,7.66,6.11,1.99,0.78,1.36
OR-26-01,256.0,258.0,0.008,0.03,0.007,0.001,0.01,8.1,7.22,12.45,5.76,6.38,2.33,0.48,1.39
OR-26-01,258.0,260.0,0.012,0.05,0.003,0.002,0.012,1.5,8.73,11.2,7.14,9.03,1.91,0.99,1.58
OR-26-01,260.0,262.0,0.01,0.06,0.009,0.001,0.007,2.2,8.41,10.7,7.67,8.48,2.67,0.69,1.73
OR-26-01,262.0,264.0,0.018,0.09,0.004,0.003,0.027,2.0,9.84,8.89,3.13,4.81,1.63,1.35,1.08
OR-26-01,264.0,266.0,0.014,0.04,0.005,0.001,0.012,1.6,7.87,8.75,4.14,3.43,2.64,1.34,1.01
OR-26-01,266.0,268.0,0.005,0.02,0.007,0.003,0.014,1.4,8.83,6.3,3.99,3.65,2.66,1.39,0.63
OR-26-01,268.0,270.0,0.007,0.03,0.008,0.001,0.012,4.2,7.82,8.0,3.79,4.71,2.19,1.76,1.2
OR-26-01,270.0,272.0,0.024,0.11,0.006,0.001,0.005,3.4,8.05,8.2,4.22,3.18,1.94,1.12,1.19
OR-26-01,272.0,274.0,0.011,0.03,0.005,0.004,0.02,3.7,7.51,6.27,3.9,3.93,2.44,1.35,1.16
OR-26-01,274.0,276.0,0.012,0.03,0.004,0.001,0.007,2.8,7.83,7.03,3.07,3.49,1.85,1.5,0.73
OR-26-01,276.0,278.0,0.01,0.04,0.016,0.001,0.004,3.7,9.43,9.5,4.02,3.41,1.74,1.34,1.13
OR-26-01,278.0,280.0,0.072,0.21,0.004,0.003,0.014,2.8,8.24,6.18,4.88,4.0,2.14,1.4,0.75
OR-26-01,280.0,282.0,0.011,0.06,0.009,0.002,0.01,3.9,8.8,7.32,5.22,3.77,2.42,1.56,1.07
OR-26-01,282.0,284.0,0.005,0.03,0.006,0.002,0.016,1.3,8.97,9.1,4.09,5.97,1.8,1.56,0.65
OR-26-01,284.0,286.0,0.004,0.02,0.006,0.001,0.004,4.8,9.95,8.0,4.91,4.03,2.54,1.26,0.79
OR-26-01,286.0,288.0,0.014,0.06,0.004,0.001,0.005,3.9,7.76,7.05,4.3,3.69,1.76,1.56,0.99
OR-26-01,288.0,290.0,0.006,0.02,0.003,0.003,0.016,2.9,7.48,8.73,4.79,4.36,2.25,1.68,0.73
OR-26-01,290.0,292.0,0.021,0.11,0.01,0.001,0.004,1.1,7.27,7.36,5.76,5.15,2.65,1.78,0.62
OR-26-01,292.0,294.0,0.003,0.02,0.003,0.001,0.007,0.7,7.36,7.95,3.41,4.29,1.73,1.49,0.69
OR-26-01,294.0,296.0,0.018,0.04,0.005,0.003,0.019,4.6,7.53,7.06,3.21,3.13,2.16,1.21,0.93
OR-26-01,296.0,298.0,0.019,0.08,0.008,0.002,0.015,2.7,8.23,6.57,6.0,3.02,2.29,1.73,0.75
OR-26-01,298.0,300.0,0.013,0.04,0.005,0.003,0.014,3.6,9.91,6.0,5.24,5.56,2.16,1.39,1.2
OR-26-01,300.0,302.0,0.005,0.02,0.005,0.002,0.009,4.3,8.89,8.17,3.67,4.84,1.84,1.71,0.88
OR-26-01,302.0,304.0,0.018,0.07,0.005,0.005,0.024,3.9,7.72,6.69,5.47,4.38,2.33,1.63,1.14
OR-26-01,304.0,306.0,0.005,0.03,0.005,0.002,0.009,6.4,8.36,6.35,4.19,5.99,2.4,1.25,0.89
OR-26-01,306.0,308.0,0.04,0.1,0.009,0.002,0.011,2.5,7.05,6.8,4.71,3.17,1.73,1.52,0.76
OR-26-01,308.0,310.0,0.009,0.05,0.003,0.003,0.016,7.3,8.11,6.18,4.33,4.1,2.43,1.1,0.84
OR-26-01,310.0,312.0,0.025,0.09,0.005,0.005,0.017,4.7,9.0,7.32,3.21,5.27,1.99,1.33,0.9
OR-26-01,312.0,314.0,0.01,0.05,0.006,0.004,0.02,3.6,9.01,8.96,4.21,3.12,2.38,1.35,1.06
OR-26-01,314.0,316.0,0.015,0.04,0.011,0.002,0.016,4.7,8.75,9.99,5.45,5.62,1.69,1.13,0.91
OR-26-01,316.0,318.0,0.008,0.03,0.007,0.002,0.01,5.4,7.61,6.21,4.61,4.12,2.1,1.29,0.95
OR-26-01,318.0,320,0.006,0.02,0.015,0.001,0.006,2.7,7.97,7.09,5.39,3.87,2.42,1.6,0.96
OR-26-02,0.0,2.0,0.013,0.07,0.009,0.003,0.011,2.5,7.51,3.44,2.84,1.41,0.6,1.1,0.54
OR-26-02,2.0,4.0,0.025,0.12,0.008,0.002,0.009,2.2,5.46,5.74,1.65,2.68,0.65,1.8,0.59
OR-26-02,4.0,6.0,0.01,0.04,0.008,0.002,0.012,5.0,7.04,3.34,2.66,1.24,1.42,2.0,0.58
OR-26-02,6.0,8.0,0.012,0.04,0.01,0.002,0.01,3.5,5.42,3.81,2.79,2.69,0.73,1.92,0.31
OR-26-02,8.0,10.0,0.013,0.04,0.006,0.004,0.014,2.7,6.68,3.29,2.1,2.58,1.1,1.46,0.31
OR-26-02,10.0,12.0,0.011,0.05,0.003,0.002,0.009,2.2,11.82,4.99,2.76,3.62,1.72,2.22,0.54
OR-26-02,12.0,14.0,0.011,0.03,0.007,0.002,0.012,2.0,9.61,4.38,1.86,3.61,1.75,3.34,0.51
OR-26-02,14.0,16.0,0.027,0.14,0.008,0.001,0.004,2.6,9.88,6.67,1.63,2.74,1.35,2.89,0.81
OR-26-02,16.0,18.0,0.014,0.04,0.016,0.001,0.005,7.2,10.22,4.26,1.87,3.2,2.02,2.23,0.64
OR-26-02,18.0,20.0,0.007,0.02,0.007,0.003,0.02,7.7,11.36,4.28,2.58,2.05,1.24,3.45,0.77
OR-26-02,20.0,22.0,0.015,0.08,0.024,0.004,0.021,5.7,11.88,5.6,2.92,1.35,2.45,3.18,0.6
OR-26-02,22.0,24.0,0.017,0.05,0.006,0.002,0.01,4.7,11.35,6.38,2.52,3.83,2.24,2.61,0.53
OR-26-02,24.0,26.0,0.029,0.1,0.011,0.001,0.011,5.8,10.81,5.37,2.0,1.64,1.53,3.27,0.75
OR-26-02,26.0,28.0,0.009,0.03,0.009,0.003,0.023,4.0,11.47,4.55,1.91,3.87,1.54,2.34,0.86
OR-26-02,28.0,30.0,0.032,0.11,0.007,0.002,0.018,5.0,10.58,4.0,1.76,3.84,1.68,3.21,0.6
OR-26-02,30.0,32.0,0.009,0.04,0.013,0.001,0.003,4.0,10.87,5.33,2.94,2.09,1.99,2.95,0.65
OR-26-02,32.0,34.0,0.012,0.07,0.007,0.006,0.028,2.7,11.67,6.19,2.62,1.11,1.49,2.21,0.88
OR-26-02,34.0,36.0,0.018,0.08,0.007,0.002,0.008,1.3,9.87,5.63,2.13,3.93,1.97,3.21,0.77
OR-26-02,36.0,38.0,0.022,0.07,0.003,0.002,0.01,5.3,11.22,4.51,1.97,1.16,1.45,2.57,0.89
OR-26-02,38.0,40.0,0.007,0.03,0.004,0.003,0.01,2.5,11.73,5.35,2.76,2.91,2.17,2.47,0.56
OR-26-02,40.0,42.0,0.018,0.08,0.012,0.002,0.008,3.5,10.89,4.78,2.66,1.12,2.24,2.85,0.64
OR-26-02,42.0,44.0,0.021,0.06,0.003,0.004,0.022,4.7,9.92,5.93,2.95,2.9,2.04,3.16,0.66
OR-26-02,44.0,46.0,0.008,0.04,0.006,0.004,0.022,19.5,9.4,5.02,1.6,2.24,1.75,3.28,0.77
OR-26-02,46.0,48.0,0.013,0.06,0.002,0.001,0.004,3.3,11.7,6.23,2.73,2.95,2.32,2.2,0.78
OR-26-02,48.0,50.0,0.019,0.06,0.003,0.002,0.016,2.4,11.03,6.92,2.7,2.08,2.05,2.11,0.84
OR-26-02,50.0,52.0,0.013,0.04,0.003,0.002,0.014,4.8,9.67,5.89,2.01,1.99,1.85,2.33,0.82
OR-26-02,52.0,54.0,0.022,0.05,0.007,0.003,0.018,3.4,9.68,6.6,2.99,3.41,2.44,2.49,0.89
OR-26-02,54.0,56.0,0.005,0.02,0.006,0.003,0.015,1.9,9.85,4.58,2.6,2.55,1.66,2.3,0.78
OR-26-02,56.0,58.0,0.007,0.03,0.008,0.008,0.034,2.3,9.49,5.9,2.99,1.92,1.07,2.26,0.64
OR-26-02,58.0,60.0,0.011,0.03,0.006,0.002,0.012,2.6,10.15,6.44,2.76,1.4,1.02,2.32,0.73
OR-26-02,60.0,62.0,0.011,0.06,0.007,0.002,0.007,3.2,9.62,4.73,2.86,2.15,1.16,2.89,0.55
OR-26-02,62.0,64.0,0.006,0.03,0.01,0.003,0.011,1.4,10.2,6.02,2.57,1.72,1.97,3.04,0.69
OR-26-02,64.0,66.0,0.012,0.04,0.004,0.006,0.024,1.4,9.86,6.92,3.84,4.79,2.7,1.02,0.88
OR-26-02,66.0,68.0,0.014,0.07,0.004,0.003,0.015,4.5,9.6,5.23,2.11,5.64,2.88,1.48,0.5
OR-26-02,68.0,70.0,0.011,0.05,0.004,0.001,0.012,16.1,9.7,5.3,2.74,4.91,3.49,1.18,0.8
OR-26-02,70.0,72.0,0.003,0.02,0.007,0.002,0.009,11.3,8.06,7.04,3.7,5.29,3.64,1.22,0.97
OR-26-02,72.0,74.0,0.009,0.03,0.005,0.002,0.009,4.8,8.5,6.24,2.04,4.69,3.65,2.11,0.66
OR-26-02,74.0,76.0,0.038,0.21,0.012,0.001,0.007,10.1,8.32,6.59,3.3,5.62,3.72,1.49,0.96
OR-26-02,76.0,78.0,0.006,0.02,0.003,0.002,0.009,9.3,8.5,5.77,2.06,6.07,2.77,1.31,0.98
OR-26-02,78.0,80.0,0.016,0.07,0.009,0.001,0.009,1.5,8.28,5.34,2.99,6.91,3.39,1.33,0.88
OR-26-02,80.0,82.0,0.008,0.03,0.005,0.001,0.009,6.5,9.66,5.09,3.66,4.68,3.61,1.96,0.84
OR-26-02,82.0,84.0,0.004,0.02,0.008,0.005,0.022,3.6,8.13,5.04,3.71,4.39,3.75,1.44,0.86
OR-26-02,84.0,86.0,0.007,0.03,0.004,0.003,0.016,4.7,8.39,5.66,2.77,5.1,3.33,1.57,0.93
OR-26-02,86.0,88.0,0.017,0.04,0.006,0.001,0.01,1.6,8.35,5.69,2.88,4.35,2.59,1.43,0.73
OR-26-02,88.0,90.0,0.03,0.07,0.003,0.005,0.017,8.7,8.48,5.51,3.73,4.64,2.61,1.32,0.96
OR-26-02,90.0,92.0,0.01,0.02,0.006,0.001,0.005,3.2,8.02,6.96,3.03,4.07,3.11,1.89,0.77
OR-26-02,92.0,94.0,0.006,0.03,0.008,0.001,0.003,1.7,9.8,5.25,2.43,4.11,3.07,1.17,0.6
OR-26-02,94.0,96.0,0.021,0.12,0.005,0.001,0.007,8.2,9.98,6.86,2.43,6.5,2.76,2.2,0.73
OR-26-02,96.0,98.0,0.008,0.03,0.008,0.003,0.01,2.1,9.12,7.14,2.28,4.72,2.66,2.15,0.57
OR-26-02,98.0,100.0,0.005,0.02,0.005,0.002,0.013,10.8,9.72,7.87,2.54,6.83,3.03,1.06,0.96
OR-26-02,100.0,102.0,0.008,0.05,0.012,0.003,0.013,4.6,8.23,5.73,3.32,5.76,3.54,2.08,0.98
OR-26-02,102.0,104.0,0.029,0.08,0.008,0.002,0.008,4.0,9.48,6.87,2.94,6.02,3.54,1.01,0.74
OR-26-02,104.0,106.0,0.021,0.1,0.009,0.001,0.003,5.7,9.47,6.08,3.33,6.3,2.67,1.27,0.61
OR-26-02,106.0,108.0,0.006,0.02,0.003,0.005,0.027,4.8,8.35,6.45,2.04,6.03,2.71,1.44,0.98
OR-26-02,108.0,110.0,0.017,0.08,0.009,0.001,0.003,3.7,8.03,6.6,3.45,4.82,2.59,1.01,0.59
OR-26-02,110.0,112.0,0.008,0.04,0.005,0.002,0.009,2.6,8.17,5.49,2.18,5.87,3.41,1.32,0.9
OR-26-02,112.0,114.0,0.016,0.06,0.007,0.001,0.004,4.4,9.59,7.41,2.19,5.76,2.75,1.85,0.9
OR-26-02,114.0,116.0,0.016,0.04,0.009,0.002,0.008,1.1,8.48,5.78,2.85,5.6,3.44,1.04,0.86
OR-26-02,116.0,118.0,0.007,0.03,0.01,0.003,0.017,4.2,8.31,5.68,3.54,6.48,3.43,2.15,0.9
OR-26-02,118.0,120.0,0.008,0.04,0.007,0.001,0.011,3.4,8.73,7.15,3.06,6.33,2.64,1.08,0.69
OR-26-02,120.0,122.0,0.011,0.05,0.005,0.003,0.01,2.6,9.86,7.8,3.24,4.31,3.09,1.76,0.64
OR-26-02,122.0,124.0,0.01,0.03,0.01,0.001,0.006,1.3,8.27,5.32,2.14,4.49,3.19,2.0,0.58
OR-26-02,124.0,126.0,0.003,0.02,0.006,0.002,0.007,1.7,9.21,5.87,2.93,6.15,3.45,1.16,0.6
OR-26-02,126.0,128.0,0.018,0.05,0.005,0.002,0.017,4.9,8.38,6.26,3.64,6.59,3.25,1.01,0.88
OR-26-02,128.0,130.0,0.033,0.19,0.003,0.003,0.016,2.7,8.76,5.33,2.45,6.73,3.03,1.76,0.94
OR-26-02,130.0,132.0,0.62,8.8,0.152,0.043,0.146,6.7,8.27,6.62,2.67,6.46,2.95,2.01,0.92
OR-26-02,132.0,134.0,0.726,10.44,0.123,0.037,0.102,18.3,8.68,7.35,3.56,6.61,2.78,1.41,0.62
OR-26-02,134.0,136.0,0.147,0.77,0.079,0.03,0.124,9.1,9.91,5.93,3.26,6.68,3.11,2.08,0.87
OR-26-02,136.0,138.0,0.037,0.4,0.016,0.051,0.21,7.1,9.33,5.62,2.72,5.09,3.75,1.84,0.56
OR-26-02,138.0,140.0,3.954,79.86,0.331,0.287,0.673,69.9,6.23,6.21,0.83,1.35,0.79,2.58,0.31
OR-26-02,140.0,142.0,1.444,19.63,0.544,0.243,0.634,147.8,6.73,5.21,1.64,1.33,0.35,3.81,0.26
OR-26-02,142.0,144.0,0.581,13.52,0.458,0.227,0.611,185.4,5.81,4.04,0.91,0.75,0.46,2.67,0.23
OR-26-02,144.0,146.0,0.831,16.78,0.575,0.053,0.251,392.9,4.61,5.34,1.58,1.17,0.6,3.28,0.28
OR-26-02,146.0,148.0,2.697,24.77,1.302,0.074,0.197,146.2,4.6,3.64,1.12,1.0,0.31,1.9,0.27
OR-26-02,148.0,150.0,1.243,16.62,0.371,0.255,0.519,63.9,5.41,3.79,1.39,0.39,0.22,1.68,0.41
OR-26-02,150.0,152.0,11.506,161.31,0.314,0.181,0.891,290.0,4.02,6.4,1.59,0.66,0.54,3.8,0.32
OR-26-02,152.0,154.0,2.548,44.39,0.855,0.058,0.136,132.0,5.02,6.78,1.32,0.72,0.23,1.79,0.47
OR-26-02,154.0,156.0,1.677,27.55,0.062,0.159,0.334,129.7,5.0,4.55,1.41,1.22,0.28,2.43,0.32
OR-26-02,156.0,158.0,0.201,3.45,0.232,0.388,0.991,48.1,4.17,4.06,1.6,1.14,0.74,3.87,0.37
OR-26-02,158.0,160.0,10.897,122.92,0.309,0.248,1.309,51.1,5.83,5.69,1.95,0.67,0.79,2.59,0.32
OR-26-02,160.0,162.0,1.731,42.53,0.214,0.098,0.24,24.8,6.04,3.13,1.16,1.23,0.5,2.63,0.46
OR-26-02,162.0,164.0,3.901,57.46,1.345,0.08,0.281,624.5,5.54,3.02,1.7,0.74,0.57,2.92,0.42
OR-26-02,164.0,166.0,4.011,57.77,2.442,0.349,0.84,38.9,4.48,6.43,1.23,0.56,0.75,1.71,0.48
OR-26-02,166.0,168.0,5.043,105.59,1.088,0.33,0.693,42.4,4.34,6.49,1.16,1.14,0.28,3.33,0.39
OR-26-02,168.0,170.0,0.768,15.57,0.118,0.15,0.318,71.2,6.43,6.03,1.18,1.32,0.38,3.88,0.34
OR-26-02,170.0,172.0,0.449,4.0,0.538,0.183,0.77,87.1,6.55,6.57,0.55,0.8,0.43,3.3,0.42
OR-26-02,172.0,174.0,1.608,35.13,0.194,0.114,0.549,276.3,6.36,4.0,1.87,0.49,0.73,3.03,0.49
OR-26-02,174.0,176.0,10.592,180.7,0.883,0.994,2.42,45.4,6.47,6.85,1.88,0.41,0.58,2.89,0.32
OR-26-02,176.0,178.0,0.203,1.97,0.049,0.018,0.055,18.7,8.77,10.47,7.88,9.93,1.94,0.71,1.77
OR-26-02,178.0,180.0,0.249,2.03,0.026,0.047,0.123,23.3,8.9,11.54,6.63,9.45,2.47,0.55,1.48
OR-26-02,180.0,182.0,0.408,4.11,0.095,0.019,0.193,6.4,8.94,10.25,6.71,6.04,2.22,0.93,1.47
OR-26-02,182.0,184.0,0.21,2.8,0.051,0.075,0.241,24.7,7.3,10.46,6.99,9.81,2.79,1.0,1.5
OR-26-02,184.0,186.0,0.013,0.06,0.007,0.002,0.018,2.2,8.18,12.2,5.48,8.01,2.37,0.69,1.33
OR-26-02,186.0,188.0,0.012,0.03,0.006,0.004,0.015,2.5,7.95,10.55,6.01,9.06,2.02,0.77,1.67
OR-26-02,188.0,190.0,0.01,0.06,0.008,0.002,0.009,3.0,8.02,12.75,5.73,6.62,2.11,0.53,1.73
OR-26-02,190.0,192.0,0.016,0.04,0.016,0.001,0.005,3.4,7.2,11.97,7.15,8.04,1.97,0.77,1.35
OR-26-02,192.0,194.0,0.013,0.07,0.006,0.003,0.021,4.2,7.8,11.75,6.29,6.62,1.87,0.68,1.79
OR-26-02,194.0,196.0,0.011,0.03,0.009,0.005,0.016,6.1,7.28,10.93,5.38,8.74,2.5,0.7,1.78
OR-26-02,196.0,198.0,0.016,0.05,0.003,0.004,0.015,2.1,7.55,12.91,6.31,6.01,1.89,0.81,1.69
OR-26-02,198.0,200.0,0.013,0.07,0.008,0.001,0.008,1.6,8.75,12.99,5.95,9.64,2.59,0.91,1.47
OR-26-02,200.0,202.0,0.032,0.09,0.007,0.002,0.009,3.7,7.55,11.01,6.51,7.68,2.46,0.43,1.43
OR-26-02,202.0,204.0,0.004,0.02,0.011,0.002,0.011,2.3,8.64,10.93,7.19,6.85,2.25,0.55,1.25
OR-26-02,204.0,206.0,0.006,0.03,0.005,0.005,0.023,5.2,7.55,9.24,6.08,6.13,2.76,0.67,1.54
OR-26-02,206.0,208.0,0.007,0.02,0.018,0.002,0.011,3.2,8.79,12.4,7.6,7.76,2.22,0.52,1.78
OR-26-02,208.0,210.0,0.008,0.02,0.003,0.003,0.02,5.2,7.24,12.61,6.32,7.59,2.4,0.48,1.02
OR-26-02,210.0,212.0,0.009,0.02,0.004,0.002,0.007,5.3,7.59,9.8,7.57,9.64,2.03,0.71,1.46
OR-26-02,212.0,214.0,0.009,0.03,0.009,0.002,0.011,2.4,7.73,12.61,5.35,9.95,2.04,0.9,1.19
OR-26-02,214.0,216.0,0.013,0.03,0.003,0.001,0.003,2.8,8.25,12.11,7.53,8.19,2.19,0.86,1.08
OR-26-02,216.0,218.0,0.004,0.02,0.006,0.001,0.006,3.4,8.4,11.06,7.95,6.68,2.31,0.65,1.3
OR-26-02,218.0,220.0,0.018,0.1,0.006,0.002,0.014,2.9,8.31,11.13,5.98,7.31,2.65,0.54,1.33
OR-26-02,220.0,222.0,0.023,0.08,0.003,0.003,0.014,0.9,7.91,12.33,6.12,8.93,1.83,0.45,1.77
OR-26-02,222.0,224.0,0.02,0.08,0.007,0.001,0.005,1.7,7.27,11.45,5.51,8.04,2.11,0.69,1.11
OR-26-02,224.0,226.0,0.011,0.03,0.004,0.003,0.012,3.6,7.89,12.32,6.7,9.01,2.16,0.61,1.78
OR-26-02,226.0,228.0,0.029,0.07,0.007,0.004,0.015,3.4,8.78,10.76,7.49,8.75,2.33,0.9,1.16
OR-26-02,228.0,230.0,0.021,0.04,0.006,0.001,0.004,2.0,7.56,12.68,7.72,9.48,2.79,0.61,1.64
OR-26-02,230.0,232.0,0.037,0.11,0.008,0.004,0.016,2.8,7.91,9.79,7.87,7.12,2.54,0.88,1.2
OR-26-02,232.0,234.0,0.015,0.04,0.005,0.003,0.011,2.8,7.69,11.93,6.97,7.62,2.32,0.41,1.73
OR-26-02,234.0,236.0,0.01,0.05,0.003,0.001,0.006,1.8,10.45,5.13,2.37,1.65,1.66,2.0,0.82
OR-26-02,236.0,238.0,0.002,0.02,0.009,0.001,0.003,9.0,10.31,6.02,2.93,1.57,1.15,2.62,0.7
OR-26-02,238.0,240.0,0.007,0.04,0.006,0.001,0.006,3.1,10.32,5.51,2.76,1.05,2.39,2.3,0.52
OR-26-02,240.0,242.0,0.021,0.09,0.002,0.001,0.006,4.1,10.11,5.44,1.6,2.93,2.04,2.23,0.72
OR-26-02,242.0,244.0,0.015,0.08,0.005,0.002,0.009,2.3,10.38,5.11,2.68,3.17,1.17,2.34,0.5
OR-26-02,244.0,246.0,0.009,0.04,0.01,0.003,0.02,3.4,10.31,6.31,2.75,2.43,1.27,2.61,0.86
OR-26-02,246.0,248.0,0.008,0.03,0.006,0.002,0.007,1.7,11.64,6.93,1.52,2.88,1.95,3.26,0.69
OR-26-02,248.0,250.0,0.006,0.03,0.009,0.004,0.016,1.4,9.97,5.79,2.01,1.38,2.01,2.43,0.82
OR-26-02,250.0,252.0,0.007,0.04,0.006,0.002,0.009,1.5,9.9,6.9,2.07,2.31,1.34,3.45,0.63
OR-26-02,252.0,254.0,0.027,0.1,0.009,0.001,0.008,2.6,9.83,4.46,2.28,2.28,2.41,3.35,0.6
OR-26-02,254.0,256.0,0.012,0.03,0.004,0.002,0.007,1.9,11.15,4.06,2.06,1.38,1.71,2.02,0.56
OR-26-02,256.0,258.0,0.008,0.02,0.004,0.001,0.01,4.4,11.83,5.22,2.4,3.59,1.15,2.1,0.78
OR-26-02,258.0,260.0,0.015,0.05,0.007,0.002,0.01,2.5,10.93,4.26,2.7,2.49,1.34,2.17,0.7
OR-26-02,260.0,262.0,0.011,0.04,0.003,0.005,0.019,3.8,11.99,5.94,2.71,2.67,1.12,3.29,0.57
OR-26-02,262.0,264.0,0.006,0.02,0.006,0.001,0.004,3.1,11.06,4.13,1.79,3.88,1.59,2.64,0.65
OR-26-02,264.0,266.0,0.024,0.11,0.006,0.003,0.011,8.6,11.52,4.72,2.61,3.14,2.41,3.25,0.85
OR-26-02,266.0,268.0,0.004,0.02,0.005,0.004,0.027,1.5,9.64,5.01,1.65,1.46,2.08,2.34,0.84
OR-26-02,268.0,270.0,0.003,0.02,0.005,0.001,0.005,3.9,9.74,4.86,2.96,2.12,2.48,3.33,0.55
OR-26-02,270.0,272.0,0.035,0.17,0.008,0.001,0.006,2.9,11.12,5.72,2.67,2.88,1.9,3.38,0.82
OR-26-02,272.0,274.0,0.012,0.07,0.006,0.002,0.007,5.2,11.81,6.33,2.17,2.39,2.14,2.48,0.54
OR-26-02,274.0,276.0,0.021,0.06,0.029,0.002,0.008,7.5,7.35,12.89,5.52,6.3,2.25,0.31,1.38
OR-26-02,276.0,278.0,0.002,0.02,0.007,0.001,0.008,4.5,7.65,11.43,7.99,6.81,2.14,0.31,1.08
OR-26-02,278.0,280.0,0.005,0.03,0.014,0.002,0.012,1.7,7.13,11.17,6.13,7.97,2.2,0.37,1.59
OR-26-02,280.0,282.0,0.024,0.06,0.013,0.004,0.014,1.8,7.76,10.18,7.28,8.47,2.13,0.68,1.74
OR-26-02,282.0,284.0,0.025,0.11,0.006,0.003,0.014,3.7,8.89,9.06,5.96,9.51,1.86,0.85,1.02
OR-26-02,284.0,286.0,0.024,0.07,0.006,0.004,0.016,2.1,8.91,12.12,7.86,6.99,2.32,0.57,1.28
OR-26-02,286.0,288.0,0.016,0.07,0.006,0.003,0.009,1.7,7.31,9.54,5.91,8.8,2.38,0.39,1.64
OR-26-02,288.0,290.0,0.011,0.06,0.01,0.006,0.021,7.0,8.67,12.68,5.94,8.73,2.48,0.89,1.45
OR-26-02,290.0,292.0,0.008,0.03,0.01,0.002,0.019,11.3,7.61,9.39,5.85,9.09,2.27,0.87,1.13
OR-26-02,292.0,294.0,0.006,0.03,0.009,0.002,0.013,12.6,7.82,10.8,5.09,7.36,2.04,0.85,1.57
OR-26-02,294.0,296.0,0.021,0.1,0.004,0.002,0.009,2.1,7.56,12.46,6.92,7.92,2.18,0.95,1.75
OR-26-02,296.0,298.0,0.01,0.05,0.005,0.002,0.006,1.8,9.97,7.92,4.15,5.52,2.66,1.18,0.67
OR-26-02,298.0,300.0,0.019,0.11,0.008,0.002,0.011,2.3,9.72,9.71,4.43,5.89,1.68,1.72,0.98
OR-26-02,300.0,302.0,0.021,0.13,0.01,0.004,0.016,3.1,7.59,9.2,5.19,3.27,2.77,1.02,0.83
OR-26-02,302.0,304.0,0.009,0.05,0.006,0.001,0.005,2.9,8.25,6.69,5.82,4.77,2.21,1.23,0.75
OR-26-02,304.0,306.0,0.008,0.03,0.004,0.001,0.004,3.6,7.13,6.26,5.0,5.07,1.99,1.72,1.09
OR-26-02,306.0,308.0,0.009,0.04,0.008,0.001,0.005,6.4,7.84,7.78,3.7,3.56,1.74,1.62,0.87
OR-26-02,308.0,310.0,0.016,0.08,0.009,0.001,0.009,3.6,7.3,7.34,3.69,5.53,1.52,1.24,1.12
OR-26-02,310.0,312.0,0.031,0.1,0.003,0.001,0.006,6.2,9.45,9.94,4.14,5.96,1.51,1.68,0.62
OR-26-02,312.0,314.0,0.012,0.06,0.006,0.005,0.019,3.3,9.31,6.87,4.42,3.0,1.84,1.47,1.06
OR-26-02,314.0,316.0,0.014,0.07,0.008,0.003,0.012,2.1,8.03,6.38,4.05,5.19,2.25,0.97,1.04
OR-26-02,316.0,318.0,0.007,0.02,0.003,0.002,0.016,1.6,7.96,6.79,4.29,5.69,1.53,1.64,0.79
OR-26-02,318.0,320.0,0.008,0.02,0.006,0.002,0.008,3.1,8.58,9.1,5.17,4.03,2.69,1.59,0.94
OR-26-02,320.0,322.0,0.011,0.03,0.016,0.003,0.014,5.6,8.49,8.66,3.58,4.88,2.05,1.78,0.71
OR-26-02,322.0,324.0,0.014,0.04,0.005,0.003,0.011,1.1,9.58,6.51,3.65,5.29,2.11,1.73,0.8
OR-26-02,324.0,326.0,0.018,0.08,0.012,0.004,0.015,2.3,7.13,9.73,4.15,5.41,2.11,1.61,0.78
OR-26-02,326.0,328.0,0.012,0.05,0.009,0.005,0.021,2.8,9.44,7.1,3.09,5.77,1.85,0.84,0.68
OR-26-02,328.0,330.0,0.008,0.04,0.009,0.002,0.006,1.4,7.17,9.99,3.31,5.86,2.59,1.53,0.63
OR-26-02,330.0,332.0,0.017,0.07,0.004,0.004,0.015,3.0,7.72,7.84,4.94,4.71,2.66,1.31,0.91
OR-26-02,332.0,334.0,0.005,0.02,0.004,0.002,0.01,8.8,7.9,8.92,3.62,4.66,2.27,1.58,0.7
OR-26-02,334.0,336.0,0.004,0.02,0.005,0.006,0.024,6.0,8.69,9.68,4.94,4.97,2.27,1.29,1.05
OR-26-02,336.0,338.0,0.012,0.04,0.006,0.002,0.012,2.9,9.92,6.36,3.05,5.16,2.01,1.25,0.96
OR-26-02,338.0,340.0,0.009,0.02,0.005,0.003,0.009,5.2,7.76,8.79,5.39,4.41,2.0,1.03,1.08
OR-26-02,340.0,342.0,0.004,0.02,0.009,0.004,0.014,4.6,9.67,9.73,4.85,3.3,2.27,1.22,0.75
OR-26-02,342.0,344.0,0.007,0.02,0.007,0.001,0.008,4.7,9.83,9.81,3.98,4.82,1.64,1.21,0.97
OR-26-02,344.0,346.0,0.014,0.03,0.003,0.002,0.007,7.8,7.76,8.34,3.83,5.35,1.7,1.06,0.86
OR-26-02,346.0,348.0,0.018,0.05,0.005,0.002,0.009,2.7,8.19,9.1,5.71,4.28,2.7,1.05,1.19
OR-26-02,348.0,350,0.012,0.04,0.005,0.005,0.019,3.0,7.62,6.71,4.01,5.04,2.21,0.8,1.03
OR-26-03,0.0,2.0,0.008,0.03,0.022,0.001,0.013,2.1,6.58,5.47,2.17,1.86,0.74,1.98,0.53
OR-26-03,2.0,4.0,0.009,0.05,0.003,0.001,0.004,2.0,7.42,5.94,2.29,2.36,0.78,1.27,0.33
OR-26-03,4.0,6.0,0.013,0.04,0.003,0.002,0.009,4.6,5.54,5.62,1.22,1.35,0.74,1.51,0.44
OR-26-03,6.0,8.0,0.014,0.08,0.007,0.002,0.009,4.6,5.88,5.55,2.38,1.22,1.19,1.79,0.42
OR-26-03,8.0,10.0,0.004,0.02,0.005,0.002,0.01,3.7,6.21,5.4,1.18,1.66,1.43,1.86,0.58
OR-26-03,10.0,12.0,0.02,0.1,0.007,0.002,0.009,2.4,10.61,4.3,2.56,3.39,2.19,3.32,0.63
OR-26-03,12.0,14.0,0.015,0.05,0.006,0.002,0.009,2.0,10.21,6.58,2.64,2.67,1.54,2.41,0.85
OR-26-03,14.0,16.0,0.017,0.04,0.007,0.003,0.012,5.4,11.42,6.08,2.9,1.16,1.02,2.36,0.81
OR-26-03,16.0,18.0,0.005,0.03,0.004,0.001,0.009,4.3,11.2,5.46,2.7,2.09,2.32,3.03,0.68
OR-26-03,18.0,20.0,0.015,0.06,0.006,0.002,0.007,5.6,11.98,5.95,1.57,1.37,1.11,2.85,0.63
OR-26-03,20.0,22.0,0.007,0.02,0.007,0.001,0.007,12.7,9.23,4.37,2.02,1.38,1.63,3.48,0.83
OR-26-03,22.0,24.0,0.009,0.04,0.004,0.002,0.013,7.2,11.14,5.41,2.2,1.86,1.06,2.7,0.75
OR-26-03,24.0,26.0,0.021,0.06,0.003,0.001,0.006,3.7,11.53,5.01,2.86,1.99,1.46,2.26,0.89
OR-26-03,26.0,28.0,0.019,0.04,0.008,0.002,0.006,7.6,9.76,4.08,2.92,1.79,1.84,2.54,0.73
OR-26-03,28.0,30.0,0.019,0.1,0.003,0.003,0.019,3.7,11.13,5.96,1.64,3.76,1.11,3.04,0.64
OR-26-03,30.0,32.0,0.009,0.05,0.015,0.002,0.007,6.8,11.53,5.23,2.34,3.55,1.3,3.29,0.51
OR-26-03,32.0,34.0,0.012,0.03,0.013,0.002,0.007,2.0,11.42,6.58,2.82,1.52,1.01,3.13,0.74
OR-26-03,34.0,36.0,0.01,0.04,0.004,0.001,0.007,7.0,9.95,5.43,1.74,2.21,2.05,2.49,0.82
OR-26-03,36.0,38.0,0.008,0.04,0.004,0.002,0.014,5.3,10.42,5.42,2.53,2.83,1.63,2.28,0.69
OR-26-03,38.0,40.0,0.018,0.11,0.007,0.001,0.006,1.4,12.0,5.17,2.91,2.31,1.98,3.3,0.58
OR-26-03,40.0,42.0,0.006,0.02,0.012,0.001,0.006,3.6,9.61,6.57,2.12,3.88,1.54,2.93,0.72
OR-26-03,42.0,44.0,0.004,0.02,0.005,0.002,0.021,2.0,11.43,4.33,2.67,2.17,1.79,2.63,0.68
OR-26-03,44.0,46.0,0.014,0.03,0.016,0.002,0.013,8.4,8.04,6.02,2.7,4.2,3.77,2.08,0.91
OR-26-03,46.0,48.0,0.005,0.02,0.019,0.005,0.037,3.4,9.71,5.36,2.65,4.01,3.78,1.5,0.89
OR-26-03,48.0,50.0,0.023,0.14,0.009,0.003,0.009,1.5,8.26,7.99,2.99,6.11,3.18,1.92,0.67
OR-26-03,50.0,52.0,0.008,0.04,0.011,0.008,0.035,2.7,8.15,5.29,2.62,4.37,2.56,1.86,0.87
OR-26-03,52.0,54.0,0.013,0.06,0.014,0.001,0.006,2.5,9.73,6.9,3.87,4.52,2.84,1.61,0.53
OR-26-03,54.0,56.0,0.007,0.03,0.015,0.004,0.015,1.4,8.26,5.06,2.99,4.02,2.84,1.46,0.6
OR-26-03,56.0,58.0,0.008,0.03,0.006,0.002,0.017,3.1,9.64,7.67,2.24,5.5,3.23,1.14,0.66
OR-26-03,58.0,60.0,0.016,0.07,0.008,0.003,0.015,0.5,8.52,6.72,3.35,4.7,3.0,1.12,0.9
OR-26-03,60.0,62.0,0.008,0.02,0.009,0.003,0.013,1.7,8.34,5.73,2.29,4.23,2.96,2.06,0.83
OR-26-03,62.0,64.0,0.006,0.03,0.007,0.001,0.005,1.7,9.06,6.02,3.89,5.19,3.05,1.65,0.92
OR-26-03,64.0,66.0,0.013,0.06,0.009,0.002,0.012,4.8,9.42,6.47,2.85,6.12,3.44,2.19,1.0
OR-26-03,66.0,68.0,0.017,0.08,0.006,0.001,0.01,3.1,8.62,5.32,2.97,4.21,2.72,1.53,0.67
OR-26-03,68.0,70.0,0.011,0.04,0.037,0.001,0.008,5.4,9.59,5.02,2.27,4.62,2.98,1.48,0.69
OR-26-03,70.0,72.0,0.026,0.11,0.011,0.003,0.01,3.6,8.13,7.24,2.75,5.93,2.87,2.1,0.68
OR-26-03,72.0,74.0,0.008,0.03,0.002,0.002,0.006,9.6,8.23,7.67,2.71,6.44,3.11,2.07,0.74
OR-26-03,74.0,76.0,0.008,0.03,0.014,0.003,0.016,3.2,8.53,7.77,3.45,5.53,3.29,2.03,0.98
OR-26-03,76.0,78.0,0.012,0.07,0.005,0.001,0.006,3.1,8.28,7.15,3.08,4.93,3.58,2.13,0.96
OR-26-03,78.0,80.0,0.009,0.03,0.004,0.002,0.011,3.6,8.37,5.84,3.97,4.04,3.29,1.11,0.88
OR-26-03,80.0,82.0,0.004,0.02,0.01,0.002,0.006,2.0,8.07,6.55,3.08,4.29,3.25,1.54,0.66
OR-26-03,82.0,84.0,0.033,0.08,0.004,0.004,0.016,5.5,9.99,6.8,2.24,4.65,2.67,1.73,0.81
OR-26-03,84.0,86.0,0.008,0.04,0.015,0.004,0.014,3.4,8.45,6.96,2.16,4.32,2.83,1.96,0.77
OR-26-03,86.0,88.0,0.012,0.05,0.011,0.003,0.01,4.0,9.16,5.96,2.95,6.14,2.53,1.61,0.66
OR-26-03,88.0,90.0,0.02,0.08,0.008,0.001,0.007,1.0,9.0,6.07,2.51,6.51,3.67,2.13,0.62
OR-26-03,90.0,92.0,0.003,0.02,0.017,0.002,0.009,1.9,9.57,7.04,3.17,4.31,2.78,1.31,0.52
OR-26-03,92.0,94.0,0.016,0.09,0.012,0.002,0.011,1.9,8.98,5.01,2.71,4.59,3.31,1.61,0.74
OR-26-03,94.0,96.0,0.019,0.09,0.007,0.002,0.009,8.3,8.33,7.12,3.85,6.6,3.34,1.97,0.54
OR-26-03,96.0,98.0,0.273,2.3,0.015,0.019,0.093,7.5,8.09,6.97,3.29,6.71,3.5,1.09,0.93
OR-26-03,98.0,100.0,1.039,10.31,0.081,0.024,0.081,26.2,8.55,6.26,3.43,4.69,2.71,1.58,0.83
OR-26-03,100.0,102.0,0.147,2.16,0.015,0.015,0.061,21.8,9.33,6.57,2.37,6.09,2.67,1.37,0.93
OR-26-03,102.0,104.0,0.456,5.52,0.049,0.018,0.088,67.7,8.32,7.57,2.57,6.41,3.35,1.73,0.87
OR-26-03,104.0,106.0,0.271,4.67,0.208,0.199,0.435,148.3,5.64,6.52,0.6,0.67,0.58,2.84,0.35
OR-26-03,106.0,108.0,1.763,34.19,0.196,0.037,0.212,94.7,6.29,4.46,0.91,1.41,0.14,3.61,0.46
OR-26-03,108.0,110.0,4.528,68.96,0.504,0.706,1.861,212.7,5.42,6.89,0.79,1.03,0.14,2.9,0.42
OR-26-03,110.0,112.0,6.832,150.4,1.143,0.202,0.754,16.5,6.34,4.16,1.99,0.28,0.14,2.32,0.22
OR-26-03,112.0,114.0,10.012,146.18,1.044,0.244,0.786,214.5,5.58,4.91,0.71,0.39,0.45,3.5,0.33
OR-26-03,114.0,116.0,1.322,20.05,0.684,0.148,0.444,55.2,5.65,4.41,1.58,0.25,0.57,2.41,0.48
OR-26-03,116.0,118.0,1.641,21.98,0.392,0.341,0.857,53.2,5.67,5.87,1.48,0.76,0.16,1.78,0.24
OR-26-03,118.0,120.0,1.546,29.77,0.034,0.068,0.318,19.4,5.74,4.01,1.72,1.08,0.4,3.02,0.4
OR-26-03,120.0,122.0,2.687,38.15,0.977,0.292,0.694,199.8,5.12,5.05,0.88,0.47,0.19,3.22,0.35
OR-26-03,122.0,124.0,15.943,295.48,0.316,0.04,0.164,206.0,4.88,5.31,0.92,1.28,0.25,3.12,0.37
OR-26-03,124.0,126.0,2.17,35.31,0.438,0.08,0.313,154.6,5.9,3.13,0.62,1.12,0.45,1.78,0.34
OR-26-03,126.0,128.0,10.394,181.59,0.295,0.165,0.662,191.1,5.81,5.21,0.8,0.24,0.61,1.91,0.37
OR-26-03,128.0,130.0,0.569,10.48,0.379,0.986,2.189,86.3,5.22,3.3,1.37,0.48,0.59,1.93,0.41
OR-26-03,130.0,132.0,6.047,146.08,0.152,0.054,0.123,222.4,4.78,6.63,1.95,1.43,0.34,3.55,0.4
OR-26-03,132.0,134.0,0.328,4.25,0.075,0.003,0.024,29.7,7.27,12.02,7.03,7.64,2.4,0.69,1.76
OR-26-03,134.0,136.0,0.377,3.63,0.035,0.006,0.015,32.7,7.71,9.39,5.28,8.16,2.68,0.91,1.15
OR-26-03,136.0,138.0,2.705,26.51,0.085,0.017,0.052,15.1,8.73,10.57,6.26,6.89,2.28,0.79,1.29
OR-26-03,138.0,140.0,0.603,3.09,0.109,0.061,0.378,8.5,7.31,12.4,6.55,6.17,2.07,0.66,1.14
OR-26-03,140.0,142.0,0.01,0.04,0.003,0.003,0.013,1.5,8.23,12.64,6.82,6.73,1.99,0.79,1.65
OR-26-03,142.0,144.0,0.005,0.02,0.005,0.004,0.014,1.8,7.75,10.9,6.59,8.67,1.97,0.89,1.13
OR-26-03,144.0,146.0,0.003,0.02,0.009,0.001,0.007,3.2,8.48,10.97,7.9,9.37,1.97,0.94,1.72
OR-26-03,146.0,148.0,0.013,0.03,0.006,0.001,0.006,6.3,8.65,9.35,7.54,8.03,2.43,0.47,1.56
OR-26-03,148.0,150.0,0.008,0.03,0.004,0.003,0.014,2.4,7.95,12.0,5.22,8.04,2.06,0.71,1.21
OR-26-03,150.0,152.0,0.007,0.04,0.003,0.003,0.015,3.9,8.04,10.98,7.01,7.16,2.71,0.74,1.06
OR-26-03,152.0,154.0,0.006,0.03,0.01,0.005,0.025,4.4,8.34,10.6,6.5,8.03,2.02,0.48,1.68
OR-26-03,154.0,156.0,0.036,0.17,0.007,0.001,0.002,3.2,7.51,12.3,5.1,9.2,2.6,0.91,1.21
OR-26-03,156.0,158.0,0.023,0.09,0.016,0.001,0.013,2.5,8.65,10.0,7.87,8.71,1.99,0.8,1.25
OR-26-03,158.0,160.0,0.011,0.06,0.012,0.002,0.014,1.7,8.13,9.54,5.72,7.9,1.81,0.33,1.36
OR-26-03,160.0,162.0,0.017,0.07,0.005,0.002,0.007,4.2,8.98,11.89,6.52,9.4,1.91,0.72,1.63
OR-26-03,162.0,164.0,0.027,0.06,0.007,0.002,0.013,3.7,8.78,10.13,5.82,6.74,1.91,0.89,1.74
OR-26-03,164.0,166.0,0.006,0.03,0.004,0.002,0.011,3.0,7.31,9.49,5.99,6.36,1.92,0.37,1.64
OR-26-03,166.0,168.0,0.014,0.07,0.008,0.002,0.017,3.2,8.74,11.52,7.07,8.49,1.86,0.92,1.62
OR-26-03,168.0,170.0,0.012,0.05,0.011,0.001,0.007,1.8,8.17,11.32,6.38,8.04,2.49,0.92,1.41
OR-26-03,170.0,172.0,0.028,0.07,0.005,0.001,0.009,2.1,8.85,9.64,6.89,9.84,2.18,0.91,1.64
OR-26-03,172.0,174.0,0.009,0.05,0.006,0.003,0.01,2.0,7.01,9.8,6.02,6.71,2.28,0.39,1.52
OR-26-03,174.0,176.0,0.01,0.05,0.006,0.01,0.036,2.5,8.39,9.59,7.9,8.61,2.35,0.34,1.23
OR-26-03,176.0,178.0,0.005,0.02,0.02,0.001,0.008,3.5,7.38,9.7,7.76,9.16,2.09,0.98,1.13
OR-26-03,178.0,180.0,0.006,0.03,0.008,0.001,0.01,5.3,8.53,9.8,5.84,6.85,2.65,0.79,1.12
OR-26-03,180.0,182.0,0.011,0.06,0.012,0.002,0.016,2.5,8.3,12.7,6.95,8.06,2.57,0.64,1.03
OR-26-03,182.0,184.0,0.012,0.04,0.006,0.002,0.006,2.5,7.25,11.06,7.23,9.12,2.19,0.42,1.77
OR-26-03,184.0,186.0,0.015,0.05,0.003,0.001,0.005,6.1,8.51,9.54,7.99,8.32,2.4,0.43,1.07
OR-26-03,186.0,188.0,0.024,0.11,0.004,0.006,0.021,3.4,7.84,11.67,7.6,6.31,2.31,0.86,1.09
OR-26-03,188.0,190.0,0.009,0.02,0.004,0.006,0.032,3.0,7.26,12.23,5.34,7.2,2.33,0.67,1.02
OR-26-03,190.0,192.0,0.003,0.02,0.003,0.001,0.005,4.6,8.08,10.43,7.93,8.83,2.4,0.48,1.35
OR-26-03,192.0,194.0,0.012,0.05,0.004,0.004,0.022,13.3,8.47,10.52,7.14,6.8,2.42,0.31,1.15
OR-26-03,194.0,196.0,0.007,0.03,0.005,0.003,0.02,1.4,10.82,6.06,1.77,2.7,2.45,2.38,0.83
OR-26-03,196.0,198.0,0.01,0.04,0.005,0.005,0.019,6.3,11.69,6.13,2.17,1.73,1.85,2.47,0.83
OR-26-03,198.0,200.0,0.008,0.03,0.015,0.003,0.012,3.1,11.77,5.87,2.54,2.65,1.2,2.69,0.52
OR-26-03,200.0,202.0,0.01,0.04,0.003,0.002,0.008,5.6,10.46,5.26,1.52,2.06,1.78,2.5,0.9
OR-26-03,202.0,204.0,0.004,0.02,0.011,0.001,0.011,3.3,11.87,6.79,2.11,2.49,1.16,3.13,0.71
OR-26-03,204.0,206.0,0.007,0.04,0.002,0.001,0.004,1.4,9.65,4.37,1.86,3.21,1.86,2.2,0.61
OR-26-03,206.0,208.0,0.018,0.11,0.005,0.003,0.015,6.0,9.94,6.01,2.92,1.15,1.73,2.21,0.8
OR-26-03,208.0,210.0,0.007,0.03,0.01,0.003,0.019,3.1,10.68,4.79,1.89,3.63,1.93,3.12,0.83
OR-26-03,210.0,212.0,0.01,0.04,0.004,0.004,0.018,7.8,9.99,6.98,2.58,1.96,2.14,3.27,0.56
OR-26-03,212.0,214.0,0.024,0.07,0.005,0.001,0.011,5.3,11.09,5.19,2.79,1.05,1.19,2.03,0.72
OR-26-03,214.0,216.0,0.011,0.05,0.007,0.007,0.025,5.1,10.57,6.35,1.59,2.62,1.85,3.08,0.64
OR-26-03,216.0,218.0,0.017,0.06,0.005,0.002,0.01,2.3,10.96,4.46,2.97,2.51,2.1,2.62,0.51
OR-26-03,218.0,220.0,0.008,0.02,0.006,0.002,0.008,1.7,9.81,5.69,2.53,2.55,2.13,2.93,0.53
OR-26-03,220.0,222.0,0.015,0.08,0.012,0.004,0.016,3.0,10.49,5.12,1.85,3.08,1.94,2.08,0.61
OR-26-03,222.0,224.0,0.021,0.07,0.007,0.001,0.007,3.1,11.02,6.66,1.61,1.08,1.17,2.46,0.55
OR-26-03,224.0,226.0,0.01,0.05,0.006,0.001,0.005,5.3,9.5,6.71,2.55,3.29,1.1,2.93,0.51
OR-26-03,226.0,228.0,0.036,0.12,0.006,0.003,0.01,2.9,9.93,6.17,2.97,2.41,2.28,2.6,0.67
OR-26-03,228.0,230.0,0.027,0.14,0.007,0.001,0.006,4.7,9.27,6.49,2.64,2.43,1.84,3.21,0.7
OR-26-03,230.0,232.0,0.011,0.05,0.009,0.004,0.016,0.9,8.88,12.11,6.14,7.41,2.23,0.72,1.03
OR-26-03,232.0,234.0,0.021,0.05,0.015,0.004,0.024,1.9,8.03,10.46,6.47,7.83,2.78,0.74,1.78
OR-26-03,234.0,236.0,0.019,0.1,0.005,0.002,0.014,4.4,8.56,10.97,6.93,9.99,2.08,0.3,1.72
OR-26-03,236.0,238.0,0.012,0.06,0.012,0.005,0.022,5.7,7.84,10.47,6.03,7.65,2.65,0.34,1.79
OR-26-03,238.0,240.0,0.022,0.1,0.003,0.004,0.019,2.3,8.7,11.57,6.34,8.56,1.99,0.3,1.29
OR-26-03,240.0,242.0,0.012,0.05,0.005,0.004,0.015,5.0,7.06,12.37,6.65,8.32,2.49,0.68,1.73
OR-26-03,242.0,244.0,0.014,0.08,0.016,0.002,0.009,2.6,7.07,9.43,5.8,8.12,2.74,0.42,1.23
OR-26-03,244.0,246.0,0.008,0.03,0.008,0.002,0.014,4.0,8.85,11.76,5.48,7.64,1.86,0.36,1.28
OR-26-03,246.0,248.0,0.023,0.1,0.007,0.003,0.011,2.4,8.36,12.86,6.03,7.73,2.2,0.45,1.28
OR-26-03,248.0,250.0,0.016,0.06,0.004,0.003,0.014,1.3,9.03,6.88,3.69,3.91,1.93,1.69,1.12
OR-26-03,250.0,252.0,0.018,0.07,0.004,0.003,0.01,2.2,7.16,8.76,4.54,5.4,2.44,1.54,0.76
OR-26-03,252.0,254.0,0.006,0.02,0.007,0.001,0.005,4.8,9.37,7.65,5.95,5.62,1.92,1.34,0.95
OR-26-03,254.0,256.0,0.008,0.04,0.01,0.002,0.011,3.1,9.56,8.23,5.22,5.22,2.31,1.71,0.63
OR-26-03,256.0,258.0,0.009,0.04,0.005,0.002,0.012,2.5,7.17,6.6,4.2,3.5,2.1,0.96,1.04
OR-26-03,258.0,260.0,0.02,0.05,0.011,0.001,0.01,2.9,9.55,7.52,3.77,3.09,1.77,0.94,1.16
OR-26-03,260.0,262.0,0.008,0.05,0.009,0.001,0.007,7.4,9.92,7.08,3.14,5.7,1.6,1.59,0.96
OR-26-03,262.0,264.0,0.003,0.02,0.005,0.002,0.02,7.5,7.58,6.38,3.2,4.63,1.64,1.65,0.85
OR-26-03,264.0,266.0,0.01,0.04,0.013,0.002,0.018,5.7,8.94,9.21,5.44,4.88,2.57,0.93,1.17
OR-26-03,266.0,268.0,0.013,0.03,0.008,0.004,0.019,3.5,7.91,9.57,5.17,4.71,2.73,1.68,1.05
OR-26-03,268.0,270.0,0.012,0.03,0.008,0.002,0.013,5.3,8.61,9.94,5.78,4.82,1.6,1.7,0.63
OR-26-03,270.0,272.0,0.003,0.02,0.013,0.003,0.01,4.1,8.12,8.82,4.1,3.5,2.09,0.94,0.88
OR-26-03,272.0,274.0,0.004,0.02,0.003,0.002,0.012,2.9,8.85,6.97,4.0,5.64,1.57,1.28,0.91
OR-26-03,274.0,276.0,0.01,0.04,0.022,0.001,0.008,2.2,9.26,8.02,5.54,5.99,2.24,0.84,0.68
OR-26-03,276.0,278.0,0.014,0.08,0.014,0.001,0.012,2.5,9.21,9.13,5.08,3.54,2.1,1.72,0.7
OR-26-03,278.0,280.0,0.007,0.04,0.006,0.003,0.013,4.8,7.46,9.06,5.1,4.69,2.47,1.75,0.75
OR-26-03,280.0,282.0,0.03,0.09,0.011,0.003,0.016,5.3,8.25,9.6,3.65,4.56,1.69,0.97,0.77
OR-26-03,282.0,284.0,0.004,0.02,0.004,0.002,0.013,1.3,8.13,8.69,5.61,5.49,2.75,1.77,0.84
OR-26-03,284.0,286.0,0.008,0.03,0.019,0.002,0.013,2.4,8.33,8.86,5.63,3.26,1.52,1.74,0.72
OR-26-03,286.0,288.0,0.019,0.06,0.003,0.001,0.012,4.7,8.21,7.67,5.13,3.85,1.96,1.3,0.74
OR-26-03,288.0,290.0,0.008,0.03,0.004,0.002,0.012,3.7,7.55,9.5,3.2,5.72,1.62,1.35,0.93
OR-26-03,290.0,292.0,0.009,0.05,0.006,0.003,0.016,1.8,8.7,9.65,3.48,4.03,2.4,1.71,0.88
OR-26-03,292.0,294.0,0.015,0.07,0.004,0.001,0.009,7.4,9.74,7.66,3.2,5.43,1.83,1.52,0.89
OR-26-03,294.0,296.0,0.01,0.03,0.01,0.006,0.061,2.7,7.16,9.48,3.45,4.74,1.85,1.18,0.88
OR-26-03,296.0,298.0,0.009,0.04,0.008,0.001,0.008,3.0,7.3,8.3,4.87,3.77,1.96,1.24,1.13
OR-26-03,298.0,300,0.019,0.04,0.003,0.002,0.01,4.1,8.25,9.42,3.79,4.59,1.95,1.35,0.83
OR-26-04,0.0,2.0,0.007,0.02,0.007,0.006,0.019,3.7,6.65,5.79,2.39,2.65,1.07,1.62,0.34
OR-26-04,2.0,4.0,0.029,0.13,0.003,0.003,0.011,7.9,7.52,5.09,1.77,2.91,1.41,1.67,0.43
OR-26-04,4.0,6.0,0.011,0.06,0.014,0.001,0.01,2.9,6.82,4.06,2.21,2.79,0.91,1.11,0.3
OR-26-04,6.0,8.0,0.021,0.08,0.004,0.002,0.011,5.0,7.95,3.28,1.59,1.21,0.79,1.21,0.31
OR-26-04,8.0,10.0,0.017,0.08,0.015,0.003,0.013,3.5,10.49,5.41,1.78,3.02,2.25,2.98,0.5
OR-26-04,10.0,12.0,0.007,0.02,0.007,0.001,0.012,4.3,10.8,5.57,2.58,1.34,2.46,3.12,0.85
OR-26-04,12.0,14.0,0.003,0.02,0.012,0.001,0.003,2.9,9.45,6.69,2.0,3.66,1.22,2.19,0.74
OR-26-04,14.0,16.0,0.007,0.02,0.014,0.001,0.013,3.6,11.15,5.64,2.9,3.45,1.98,3.24,0.7
OR-26-04,16.0,18.0,0.009,0.04,0.01,0.003,0.011,2.9,11.85,6.28,2.84,3.96,1.65,2.23,0.7
OR-26-04,18.0,20.0,0.011,0.06,0.005,0.004,0.016,2.2,10.41,4.74,2.73,3.82,2.39,2.24,0.51
OR-26-04,20.0,22.0,0.009,0.04,0.008,0.002,0.01,4.8,9.56,5.62,2.84,2.94,1.17,2.65,0.59
OR-26-04,22.0,24.0,0.019,0.07,0.011,0.002,0.008,2.1,10.26,6.49,2.34,3.18,1.86,3.05,0.66
OR-26-04,24.0,26.0,0.006,0.02,0.007,0.002,0.013,4.2,11.61,5.52,2.95,3.58,1.61,2.52,0.67
OR-26-04,26.0,28.0,0.019,0.09,0.007,0.002,0.011,3.9,9.31,5.7,2.89,1.73,2.16,2.38,0.79
OR-26-04,28.0,30.0,0.006,0.03,0.007,0.002,0.008,1.6,10.21,6.29,2.59,2.1,1.88,2.22,0.74
OR-26-04,30.0,32.0,0.014,0.07,0.011,0.003,0.013,4.0,11.08,6.28,2.52,1.65,2.45,3.36,0.67
OR-26-04,32.0,34.0,0.009,0.03,0.007,0.001,0.005,4.0,11.13,4.78,2.22,1.64,1.02,3.3,0.65
OR-26-04,34.0,36.0,0.008,0.02,0.004,0.002,0.018,1.1,10.64,5.11,2.57,1.66,1.91,2.63,0.56
OR-26-04,36.0,38.0,0.016,0.08,0.01,0.001,0.011,4.6,10.69,5.1,1.9,1.49,2.14,2.65,0.56
OR-26-04,38.0,40.0,0.017,0.05,0.003,0.003,0.018,1.9,11.61,4.86,2.85,3.5,2.38,2.21,0.67
OR-26-04,40.0,42.0,0.018,0.05,0.007,0.001,0.006,3.0,10.71,4.89,1.66,3.13,1.84,2.41,0.6
OR-26-04,42.0,44.0,0.008,0.02,0.006,0.001,0.007,3.0,10.64,5.78,2.44,3.66,1.91,3.16,0.55
OR-26-04,44.0,46.0,0.019,0.08,0.006,0.003,0.01,7.7,11.83,5.12,1.53,2.28,1.81,3.16,0.59
OR-26-04,46.0,48.0,0.012,0.05,0.009,0.001,0.005,13.1,9.6,4.14,2.31,2.05,1.59,2.59,0.85
OR-26-04,48.0,50.0,0.005,0.02,0.005,0.001,0.005,2.8,10.79,5.01,2.33,2.97,1.0,2.07,0.83
OR-26-04,50.0,52.0,0.007,0.04,0.003,0.006,0.019,5.9,11.31,6.75,1.82,2.17,2.16,2.86,0.87
OR-26-04,52.0,54.0,0.01,0.03,0.012,0.003,0.01,9.2,9.86,4.32,1.77,1.79,1.29,2.86,0.63
OR-26-04,54.0,56.0,0.004,0.02,0.007,0.004,0.021,2.2,9.5,4.68,2.18,2.63,2.49,2.5,0.5
OR-26-04,56.0,58.0,0.004,0.02,0.007,0.004,0.017,3.7,10.95,6.19,2.52,3.03,1.58,3.07,0.64
OR-26-04,58.0,60.0,0.008,0.03,0.005,0.001,0.008,9.3,10.65,5.2,2.32,3.44,1.78,2.77,0.64
OR-26-04,60.0,62.0,0.007,0.02,0.006,0.001,0.009,5.4,10.87,5.29,2.69,3.04,1.18,2.82,0.61
OR-26-04,62.0,64.0,0.017,0.05,0.004,0.002,0.01,2.7,9.65,4.01,1.9,2.86,2.34,2.15,0.61
OR-26-04,64.0,66.0,0.029,0.1,0.004,0.001,0.005,2.6,11.21,6.04,2.15,2.01,1.94,2.69,0.87
OR-26-04,66.0,68.0,0.012,0.06,0.007,0.005,0.016,2.2,11.92,6.44,2.33,1.91,1.27,2.62,0.67
OR-26-04,68.0,70.0,0.01,0.04,0.007,0.003,0.018,3.0,10.24,5.77,2.41,1.13,1.08,2.76,0.87
OR-26-04,70.0,72.0,0.016,0.05,0.003,0.002,0.016,1.5,9.54,6.2,3.77,5.17,2.53,1.25,0.95
OR-26-04,72.0,74.0,0.014,0.04,0.006,0.001,0.012,9.9,9.44,7.58,3.75,6.0,2.57,1.37,0.79
OR-26-04,74.0,76.0,0.01,0.02,0.017,0.002,0.008,1.2,8.47,7.71,3.6,6.84,3.0,1.61,0.66
OR-26-04,76.0,78.0,0.025,0.12,0.012,0.002,0.008,2.1,8.39,5.32,3.82,6.99,3.57,1.6,0.87
OR-26-04,78.0,80.0,0.016,0.07,0.004,0.002,0.009,2.3,9.75,7.35,3.86,6.34,2.75,1.59,0.92
OR-26-04,80.0,82.0,0.017,0.07,0.007,0.001,0.005,2.9,9.06,6.04,2.17,6.23,3.5,1.52,0.88
OR-26-04,82.0,84.0,0.033,0.17,0.013,0.003,0.027,3.7,9.46,6.02,2.75,4.82,3.55,1.77,0.65
OR-26-04,84.0,86.0,0.015,0.08,0.01,0.003,0.015,3.7,8.61,7.4,3.64,6.9,3.39,1.61,0.7
OR-26-04,86.0,88.0,0.02,0.12,0.01,0.002,0.009,2.9,8.11,6.49,3.8,4.83,3.47,1.91,0.83
OR-26-04,88.0,90.0,0.013,0.06,0.007,0.005,0.028,4.0,8.38,7.65,2.93,6.41,2.78,1.56,0.62
OR-26-04,90.0,92.0,0.024,0.09,0.006,0.001,0.005,1.7,8.91,7.96,2.77,5.21,3.76,1.87,0.73
OR-26-04,92.0,94.0,0.01,0.03,0.006,0.001,0.006,3.9,9.33,7.35,2.81,5.15,2.6,1.25,0.81
OR-26-04,94.0,96.0,0.016,0.09,0.012,0.002,0.012,2.0,8.97,6.31,3.13,4.35,3.11,1.35,0.58
OR-26-04,96.0,98.0,0.012,0.05,0.007,0.002,0.013,2.8,8.49,7.38,3.73,4.84,3.23,1.55,0.57
OR-26-04,98.0,100.0,0.019,0.11,0.005,0.004,0.015,1.1,8.11,5.26,3.74,5.55,3.09,2.17,0.89
OR-26-04,100.0,102.0,0.004,0.02,0.006,0.001,0.008,2.5,9.62,7.03,2.31,6.86,3.71,2.01,0.66
OR-26-04,102.0,104.0,0.029,0.06,0.005,0.006,0.023,0.6,8.0,7.4,2.18,5.5,3.07,1.09,0.82
OR-26-04,104.0,106.0,0.016,0.05,0.011,0.002,0.006,2.4,8.9,7.66,3.62,5.16,3.37,1.03,0.53
OR-26-04,106.0,108.0,0.008,0.02,0.004,0.003,0.013,2.2,8.22,6.87,2.0,6.77,2.77,1.67,0.59
OR-26-04,108.0,110.0,0.01,0.05,0.014,0.002,0.012,4.5,8.11,7.24,2.65,5.79,2.85,1.86,0.75
OR-26-04,110.0,112.0,0.008,0.02,0.004,0.004,0.013,2.8,9.21,5.27,3.01,6.25,3.53,1.88,0.84
OR-26-04,112.0,114.0,0.006,0.02,0.003,0.003,0.009,5.3,9.21,6.69,3.75,4.19,2.99,1.26,0.8
OR-26-04,114.0,116.0,0.003,0.02,0.009,0.001,0.007,4.5,9.61,5.22,3.83,6.59,2.53,1.19,0.96
OR-26-04,116.0,118.0,0.018,0.09,0.007,0.002,0.015,11.9,8.49,6.28,3.37,5.11,2.83,1.63,0.98
OR-26-04,118.0,120.0,0.006,0.02,0.005,0.002,0.006,7.1,9.8,7.07,2.15,6.7,2.86,2.17,0.57
OR-26-04,120.0,122.0,0.026,0.11,0.004,0.005,0.018,4.8,8.27,7.21,3.2,6.65,2.94,1.56,0.91
OR-26-04,122.0,124.0,0.007,0.04,0.009,0.002,0.01,4.1,8.85,7.99,2.0,5.03,2.69,1.2,0.64
OR-26-04,124.0,126.0,0.013,0.07,0.006,0.001,0.005,3.3,8.71,6.52,2.17,5.5,3.59,1.71,0.56
OR-26-04,126.0,128.0,0.013,0.03,0.005,0.001,0.004,2.9,8.67,7.46,3.37,4.23,3.41,1.17,0.74
OR-26-04,128.0,130.0,0.006,0.03,0.009,0.002,0.006,3.8,9.53,6.91,3.9,6.86,3.46,1.97,0.57
OR-26-04,130.0,132.0,0.005,0.02,0.006,0.003,0.013,2.3,9.31,6.9,3.23,4.18,3.66,1.85,0.95
OR-26-04,132.0,134.0,0.015,0.08,0.012,0.007,0.037,1.9,9.68,7.27,2.26,4.6,2.77,1.89,0.63
OR-26-04,134.0,136.0,0.022,0.06,0.006,0.001,0.01,6.3,9.75,7.72,3.72,6.18,3.24,1.61,0.86
OR-26-04,136.0,138.0,0.018,0.1,0.005,0.002,0.007,12.3,9.68,6.9,3.11,4.58,3.17,2.17,0.97
OR-26-04,138.0,140.0,0.006,0.02,0.01,0.003,0.015,3.7,9.51,5.2,3.35,4.77,3.74,1.39,0.83
OR-26-04,140.0,142.0,0.055,0.27,0.006,0.005,0.03,1.8,8.1,5.52,3.5,4.8,3.78,1.34,0.9
OR-26-04,142.0,144.0,0.022,0.1,0.015,0.001,0.008,6.8,8.56,6.58,2.07,6.37,3.51,1.37,0.51
OR-26-04,144.0,146.0,0.016,0.09,0.008,0.001,0.014,0.8,8.03,5.58,2.14,5.75,2.68,1.94,0.73
OR-26-04,146.0,148.0,0.006,0.02,0.012,0.003,0.013,2.3,9.45,7.48,2.28,4.52,2.78,1.92,0.84
OR-26-04,148.0,150.0,0.035,0.1,0.007,0.001,0.008,4.9,8.88,7.05,2.44,5.99,3.02,1.06,0.55
OR-26-04,150.0,152.0,0.027,0.13,0.017,0.002,0.013,2.5,8.22,6.18,2.58,5.69,3.58,1.32,0.95
OR-26-04,152.0,154.0,0.017,0.07,0.005,0.002,0.009,3.5,8.3,5.34,3.42,6.72,2.55,1.27,0.76
OR-26-04,154.0,156.0,0.182,1.82,0.036,0.007,0.046,20.9,9.14,6.04,3.86,6.34,3.8,1.36,0.74
OR-26-04,156.0,158.0,0.227,2.54,0.056,0.026,0.188,9.8,8.19,7.93,3.11,6.39,3.09,1.63,0.61
OR-26-04,158.0,160.0,1.042,9.44,0.029,0.018,0.072,12.0,9.55,6.05,3.25,4.91,2.65,1.94,0.89
OR-26-04,160.0,162.0,0.828,5.58,0.05,0.062,0.213,10.0,9.4,7.09,3.73,6.79,2.85,1.3,0.56
OR-26-04,162.0,164.0,2.17,52.82,0.45,0.022,0.099,62.5,5.6,4.14,1.36,1.13,0.26,1.83,0.35
OR-26-04,164.0,166.0,2.201,31.39,0.218,0.56,1.432,133.1,4.59,6.66,1.3,0.8,0.28,2.44,0.49
OR-26-04,166.0,168.0,1.322,13.37,0.443,0.088,0.304,125.6,6.58,3.62,1.78,0.77,0.65,2.49,0.28
OR-26-04,168.0,170.0,19.345,392.29,0.409,0.425,1.67,231.5,5.24,6.79,0.8,0.42,0.22,2.26,0.33
OR-26-04,170.0,172.0,2.071,17.81,0.237,0.068,0.145,239.0,4.06,3.24,1.36,1.3,0.33,1.83,0.43
OR-26-04,172.0,174.0,3.407,34.65,0.437,0.092,0.342,191.5,4.21,4.9,0.72,0.22,0.14,2.45,0.34
OR-26-04,174.0,176.0,13.613,335.72,1.312,0.149,0.889,123.6,4.49,5.56,1.89,0.52,0.8,2.84,0.26
OR-26-04,176.0,178.0,0.454,10.79,0.216,0.063,0.274,77.6,5.99,3.96,0.9,0.74,0.22,1.63,0.23
OR-26-04,178.0,180.0,0.68,15.72,0.461,0.111,0.422,48.5,4.99,3.41,1.42,0.46,0.46,3.23,0.35
OR-26-04,180.0,182.0,19.708,307.64,0.559,0.082,0.386,249.2,6.54,6.38,0.87,0.49,0.72,2.09,0.38
OR-26-04,182.0,184.0,12.202,185.72,0.609,0.679,1.386,61.7,4.82,6.98,1.91,0.66,0.44,3.56,0.44
OR-26-04,184.0,186.0,8.753,104.59,0.481,0.47,2.148,101.5,5.71,6.18,1.71,0.78,0.58,3.23,0.33
OR-26-04,186.0,188.0,3.605,82.87,1.057,0.45,1.005,46.1,4.77,6.21,1.57,0.21,0.18,1.85,0.38
OR-26-04,188.0,190.0,6.17,57.69,0.499,0.129,0.474,12.7,5.14,5.85,1.32,0.5,0.3,3.18,0.46
OR-26-04,190.0,192.0,1.899,21.3,0.212,0.53,2.637,73.8,4.84,5.3,1.25,0.42,0.29,3.74,0.39
OR-26-04,192.0,194.0,3.884,50.82,0.447,0.09,0.237,126.1,6.05,6.65,1.2,0.72,0.58,3.68,0.41
OR-26-04,194.0,196.0,8.541,166.05,0.234,0.165,0.347,28.6,4.2,3.04,0.59,0.64,0.27,3.65,0.33
OR-26-04,196.0,198.0,9.742,139.58,0.292,0.064,0.131,55.8,4.46,3.26,0.81,0.31,0.62,3.28,0.5
OR-26-04,198.0,200.0,5.546,51.83,0.178,0.223,0.737,85.9,6.54,3.02,1.03,0.29,0.49,1.91,0.3
OR-26-04,200.0,202.0,6.253,71.45,0.281,0.571,2.74,39.1,4.61,5.03,1.99,0.23,0.4,2.01,0.25
OR-26-04,202.0,204.0,54.374,869.21,0.48,0.189,0.401,308.6,4.44,6.16,0.68,0.37,0.18,2.4,0.32
OR-26-04,204.0,206.0,2.255,33.79,0.296,1.186,3.039,78.5,4.57,3.97,2.0,0.96,0.38,2.84,0.35
OR-26-04,206.0,208.0,0.213,1.98,0.031,0.003,0.031,15.1,7.03,9.61,6.5,7.9,2.1,0.34,1.26
OR-26-04,208.0,210.0,0.283,3.11,0.024,0.03,0.081,67.2,8.33,9.9,7.44,9.02,2.29,0.95,1.04
OR-26-04,210.0,212.0,0.98,10.22,0.076,0.009,0.082,14.9,8.86,11.03,7.57,7.09,2.26,0.47,1.47
OR-26-04,212.0,214.0,0.779,8.45,0.087,0.068,0.252,26.1,8.76,12.59,5.95,9.57,2.12,0.78,1.13
OR-26-04,214.0,216.0,0.014,0.08,0.008,0.002,0.02,3.2,9.0,9.4,6.91,8.17,1.93,0.95,1.46
OR-26-04,216.0,218.0,0.013,0.03,0.006,0.001,0.007,4.5,7.41,11.09,7.06,7.26,2.01,0.39,1.29
OR-26-04,218.0,220.0,0.006,0.02,0.004,0.002,0.009,0.8,8.77,11.85,6.2,9.36,2.74,0.43,1.53
OR-26-04,220.0,222.0,0.019,0.09,0.006,0.002,0.011,7.8,7.53,9.85,6.67,8.04,2.7,0.42,1.37
OR-26-04,222.0,224.0,0.01,0.03,0.005,0.002,0.008,8.0,7.69,9.14,6.55,7.38,1.92,0.63,1.49
OR-26-04,224.0,226.0,0.006,0.03,0.007,0.002,0.012,4.8,8.06,9.91,6.89,7.92,1.8,0.83,1.64
OR-26-04,226.0,228.0,0.016,0.05,0.009,0.002,0.009,8.5,7.31,9.82,6.91,6.52,2.69,0.95,1.5
OR-26-04,228.0,230.0,0.006,0.03,0.005,0.007,0.029,4.9,8.78,11.41,7.07,7.24,1.91,0.69,1.18
OR-26-04,230.0,232.0,0.02,0.06,0.007,0.001,0.007,3.3,7.63,11.69,6.33,9.28,2.48,0.48,1.66
OR-26-04,232.0,234.0,0.014,0.08,0.01,0.001,0.011,1.3,8.05,9.75,6.59,6.32,2.1,0.77,1.12
OR-26-04,234.0,236.0,0.011,0.06,0.004,0.002,0.013,1.8,8.87,12.16,5.98,9.24,1.81,0.68,1.31
OR-26-04,236.0,238.0,0.016,0.04,0.006,0.002,0.013,2.3,7.18,9.22,7.27,9.98,2.5,0.88,1.17
OR-26-04,238.0,240.0,0.02,0.11,0.005,0.002,0.011,10.0,8.97,11.62,6.05,7.88,2.39,0.71,1.73
OR-26-04,240.0,242.0,0.067,0.26,0.006,0.001,0.008,3.1,7.53,12.54,7.75,6.46,2.39,0.64,1.04
OR-26-04,242.0,244.0,0.007,0.03,0.007,0.002,0.014,9.5,8.78,11.47,6.56,9.0,2.25,0.79,1.3
OR-26-04,244.0,246.0,0.014,0.06,0.008,0.002,0.008,3.0,7.58,11.5,7.63,6.78,2.45,0.67,1.51
OR-26-04,246.0,248.0,0.015,0.03,0.005,0.012,0.051,4.2,8.59,9.52,7.66,7.96,2.25,0.78,1.43
OR-26-04,248.0,250.0,0.004,0.02,0.007,0.002,0.01,4.8,7.22,12.9,7.67,6.38,2.67,0.69,1.79
OR-26-04,250.0,252.0,0.01,0.02,0.007,0.005,0.017,1.4,8.43,12.73,6.73,7.44,2.06,0.46,1.08
OR-26-04,252.0,254.0,0.008,0.04,0.007,0.003,0.014,2.7,7.3,9.82,5.4,7.26,2.77,0.56,1.32
OR-26-04,254.0,256.0,0.015,0.04,0.011,0.002,0.008,7.5,8.42,10.85,5.61,7.26,2.14,0.48,1.63
OR-26-04,256.0,258.0,0.006,0.03,0.009,0.002,0.008,5.0,7.15,11.39,5.29,9.36,2.64,0.5,1.12
OR-26-04,258.0,260.0,0.012,0.03,0.008,0.001,0.01,3.5,8.82,12.62,7.18,8.05,2.45,0.53,1.38
OR-26-04,260.0,262.0,0.012,0.05,0.006,0.002,0.007,5.0,7.11,10.93,5.99,9.48,2.71,0.68,1.62
OR-26-04,262.0,264.0,0.018,0.07,0.007,0.001,0.005,3.7,7.67,9.48,5.8,9.77,2.64,0.97,1.4
OR-26-04,264.0,266.0,0.011,0.04,0.003,0.003,0.013,3.0,7.79,9.25,7.12,9.88,2.34,0.58,1.41
OR-26-04,266.0,268.0,0.014,0.05,0.002,0.001,0.006,0.9,7.86,9.67,6.39,9.75,1.82,0.79,1.43
OR-26-04,268.0,270.0,0.024,0.07,0.009,0.002,0.014,3.6,8.85,9.91,7.98,8.28,2.61,0.48,1.8
OR-26-04,270.0,272.0,0.017,0.05,0.014,0.003,0.024,10.9,7.2,9.28,5.3,6.88,2.56,0.84,1.56
OR-26-04,272.0,274.0,0.007,0.03,0.003,0.006,0.034,3.7,8.1,11.12,5.46,9.38,2.61,0.84,1.07
OR-26-04,274.0,276.0,0.004,0.02,0.03,0.002,0.01,2.4,8.56,10.29,7.14,8.37,1.82,0.66,1.69
OR-26-04,276.0,278.0,0.031,0.14,0.006,0.003,0.015,4.0,7.51,11.58,6.9,6.85,2.51,0.35,1.04
OR-26-04,278.0,280.0,0.02,0.08,0.011,0.003,0.023,3.6,8.62,12.69,6.86,6.33,2.33,0.39,1.43
OR-26-04,280.0,282.0,0.03,0.12,0.013,0.002,0.01,2.5,8.3,11.07,6.29,9.0,2.3,0.41,1.21
OR-26-04,282.0,284.0,0.013,0.06,0.009,0.003,0.019,1.2,11.54,6.85,2.72,3.47,1.88,2.37,0.62
OR-26-04,284.0,286.0,0.019,0.07,0.007,0.002,0.007,4.6,9.49,6.96,1.75,3.4,1.88,3.31,0.79
OR-26-04,286.0,288.0,0.014,0.08,0.005,0.003,0.012,3.4,10.51,4.57,2.15,3.16,2.13,2.24,0.62
OR-26-04,288.0,290.0,0.005,0.02,0.005,0.001,0.006,1.1,9.43,5.96,1.69,1.59,2.48,2.4,0.68
OR-26-04,290.0,292.0,0.012,0.06,0.01,0.001,0.006,3.7,11.75,6.34,1.86,2.15,1.89,2.57,0.53
OR-26-04,292.0,294.0,0.028,0.07,0.018,0.003,0.019,8.4,9.62,4.69,2.12,2.79,2.33,2.89,0.61
OR-26-04,294.0,296.0,0.015,0.04,0.008,0.002,0.012,3.8,10.5,6.74,2.2,3.23,1.09,2.74,0.52
OR-26-04,296.0,298.0,0.008,0.03,0.005,0.002,0.006,5.2,10.85,5.93,2.14,3.51,1.67,2.21,0.59
OR-26-04,298.0,300.0,0.005,0.02,0.006,0.001,0.009,3.7,10.87,6.93,2.2,2.25,2.23,3.28,0.59
OR-26-04,300.0,302.0,0.014,0.05,0.01,0.006,0.022,1.7,9.1,6.57,2.83,2.46,1.7,3.46,0.65
OR-26-04,302.0,304.0,0.009,0.05,0.012,0.009,0.037,1.1,11.62,5.43,2.14,2.93,1.29,2.34,0.77
OR-26-04,304.0,306.0,0.016,0.03,0.004,0.002,0.013,5.5,11.99,6.51,1.79,2.68,1.91,2.83,0.74
OR-26-04,306.0,308.0,0.009,0.04,0.018,0.002,0.007,3.5,9.61,5.18,2.97,2.36,1.82,2.9,0.84
OR-26-04,308.0,310.0,0.007,0.03,0.005,0.002,0.009,1.7,11.53,6.91,1.8,1.5,1.53,2.68,0.56
OR-26-04,310.0,312.0,0.016,0.07,0.004,0.002,0.006,4.2,11.7,4.52,2.23,3.19,1.9,2.1,0.52
OR-26-04,312.0,314.0,0.02,0.04,0.008,0.008,0.033,5.8,11.17,4.04,2.54,2.33,2.48,3.18,0.68
OR-26-04,314.0,316.0,0.019,0.08,0.003,0.007,0.029,3.9,9.77,5.74,2.63,2.26,2.04,2.5,0.63
OR-26-04,316.0,318.0,0.006,0.03,0.009,0.005,0.025,5.6,9.99,4.58,2.48,2.71,1.07,2.24,0.67
OR-26-04,318.0,320.0,0.005,0.02,0.003,0.003,0.014,2.2,9.7,4.48,1.88,2.5,2.22,3.16,0.52
OR-26-04,320.0,322.0,0.024,0.07,0.004,0.001,0.005,6.5,9.17,4.7,1.71,1.35,1.2,2.48,0.52
OR-26-04,322.0,324.0,0.003,0.02,0.007,0.003,0.012,4.7,11.88,5.73,2.45,1.64,1.05,3.06,0.79
OR-26-04,324.0,326.0,0.012,0.04,0.014,0.001,0.004,15.0,10.43,5.95,1.58,1.9,1.45,2.64,0.7
OR-26-04,326.0,328.0,0.003,0.02,0.004,0.002,0.006,4.9,9.5,6.25,2.8,1.24,1.63,2.82,0.78
OR-26-04,328.0,330.0,0.019,0.11,0.011,0.002,0.009,7.3,7.56,12.61,6.55,9.92,2.45,0.81,1.28
OR-26-04,330.0,332.0,0.015,0.06,0.004,0.001,0.008,1.4,7.95,12.53,5.06,7.77,2.63,0.83,1.28
OR-26-04,332.0,334.0,0.011,0.02,0.004,0.003,0.016,4.0,8.3,10.24,6.02,6.05,2.59,0.56,1.23
OR-26-04,334.0,336.0,0.006,0.02,0.006,0.001,0.006,1.5,7.59,9.23,5.89,7.76,2.49,0.48,1.3
OR-26-04,336.0,338.0,0.034,0.13,0.002,0.005,0.018,2.6,7.05,9.97,5.72,6.81,2.63,0.97,1.26
OR-26-04,338.0,340.0,0.017,0.07,0.007,0.004,0.019,5.0,8.15,10.2,5.46,6.89,2.77,0.71,1.01
OR-26-04,340.0,342.0,0.005,0.02,0.013,0.004,0.016,11.5,7.67,12.18,6.79,9.84,2.12,0.73,1.69
OR-26-04,342.0,344.0,0.027,0.07,0.004,0.003,0.013,2.0,7.56,11.19,7.15,9.79,2.03,0.36,1.69
OR-26-04,344.0,346.0,0.035,0.17,0.004,0.001,0.007,7.2,8.75,12.78,7.2,7.45,2.43,0.84,1.27
OR-26-04,346.0,348.0,0.011,0.03,0.01,0.004,0.015,2.6,8.33,10.03,5.61,7.85,2.3,0.92,1.56
OR-26-04,348.0,350.0,0.01,0.04,0.004,0.011,0.048,4.9,7.74,9.13,7.29,6.87,2.63,0.8,1.62
OR-26-04,350.0,352.0,0.012,0.03,0.007,0.002,0.012,2.9,7.45,6.81,4.83,3.52,1.7,1.02,1.16
OR-26-04,352.0,354.0,0.013,0.03,0.004,0.002,0.008,2.2,8.42,7.25,3.96,4.75,2.74,1.21,0.63
OR-26-04,354.0,356.0,0.005,0.02,0.004,0.001,0.008,6.2,7.13,6.58,5.47,5.63,2.52,0.98,1.02
OR-26-04,356.0,358.0,0.022,0.11,0.009,0.001,0.008,3.2,7.28,8.67,4.28,3.62,2.73,1.09,0.92
OR-26-04,358.0,360.0,0.011,0.07,0.005,0.003,0.013,1.9,7.14,8.88,5.87,3.89,2.02,1.54,0.78
OR-26-04,360.0,362.0,0.006,0.02,0.007,0.004,0.017,1.8,9.76,9.92,3.52,4.48,2.03,1.42,0.96
OR-26-04,362.0,364.0,0.009,0.04,0.016,0.002,0.016,7.4,9.4,6.8,5.63,4.92,2.73,1.36,1.12
OR-26-04,364.0,366.0,0.013,0.05,0.003,0.002,0.012,1.9,7.83,8.18,3.85,3.36,2.41,1.06,1.17
OR-26-04,366.0,368.0,0.01,0.05,0.012,0.004,0.015,2.7,7.01,8.17,4.87,3.86,2.04,1.21,0.82
OR-26-04,368.0,370.0,0.006,0.03,0.005,0.001,0.005,3.8,8.52,6.35,5.94,4.28,1.93,1.65,0.78
OR-26-04,370.0,372.0,0.019,0.05,0.007,0.006,0.023,4.3,7.39,8.32,3.57,5.26,2.27,1.02,1.07
OR-26-04,372.0,374.0,0.028,0.16,0.006,0.003,0.011,6.0,7.49,7.53,3.04,3.15,2.42,0.83,0.73
OR-26-04,374.0,376.0,0.005,0.02,0.008,0.002,0.013,4.2,8.01,7.25,3.24,5.43,2.49,0.81,0.91
OR-26-04,376.0,378.0,0.008,0.02,0.005,0.004,0.016,2.7,8.37,6.34,3.46,4.57,2.25,1.01,0.71
OR-26-04,378.0,380.0,0.012,0.05,0.008,0.003,0.026,2.6,9.77,7.65,5.14,3.26,1.55,1.03,0.98
OR-26-04,380.0,382.0,0.007,0.04,0.004,0.001,0.005,3.0,8.22,7.89,4.9,5.09,2.42,1.22,0.7
OR-26-04,382.0,384.0,0.008,0.04,0.008,0.003,0.011,2.3,7.37,9.37,4.85,5.44,2.17,0.91,0.84
OR-26-04,384.0,386.0,0.01,0.05,0.005,0.002,0.008,2.2,9.89,7.77,4.23,4.14,2.29,0.82,1.15
OR-26-04,386.0,388.0,0.026,0.15,0.005,0.001,0.009,2.5,7.85,7.58,4.96,5.33,2.73,0.88,0.72
OR-26-04,388.0,390.0,0.009,0.05,0.006,0.006,0.021,3.0,8.92,8.25,5.57,3.24,1.86,1.29,1.09
OR-26-04,390.0,392.0,0.003,0.02,0.005,0.004,0.016,4.6,8.56,7.56,5.62,3.91,1.73,1.04,0.75
OR-26-04,392.0,394.0,0.031,0.09,0.004,0.003,0.021,5.4,8.03,8.45,3.91,3.64,2.63,0.91,0.98
OR-26-04,394.0,396.0,0.009,0.05,0.017,0.001,0.005,4.8,7.26,7.04,5.46,5.38,1.79,1.37,0.86
OR-26-04,396.0,398.0,0.017,0.06,0.014,0.001,0.007,3.3,8.03,7.67,3.27,3.94,1.96,1.13,0.9
OR-26-04,398.0,400,0.009,0.02,0.006,0.002,0.006,1.6,7.24,6.86,4.66,4.95,2.73,1.12,0.74
OR-26-05,0.0,2.0,0.011,0.03,0.009,0.002,0.009,2.5,5.08,5.64,2.95,2.96,0.88,1.69,0.36
OR-26-05,2.0,4.0,0.005,0.02,0.004,0.002,0.012,7.4,7.97,5.17,1.26,2.84,1.19,1.44,0.36
OR-26-05,4.0,6.0,0.014,0.05,0.004,0.003,0.011,3.8,5.64,4.82,2.86,2.74,0.99,1.3,0.48
OR-26-05,6.0,8.0,0.004,0.02,0.004,0.001,0.01,2.2,10.26,4.54,1.61,3.28,1.77,2.81,0.77
OR-26-05,8.0,10.0,0.017,0.06,0.01,0.003,0.012,2.5,9.18,6.67,2.74,1.15,1.22,2.43,0.51
OR-26-05,10.0,12.0,0.011,0.05,0.008,0.001,0.009,4.0,9.37,5.48,2.95,3.63,1.94,3.29,0.69
OR-26-05,12.0,14.0,0.011,0.03,0.008,0.001,0.008,3.9,10.34,4.17,2.31,1.29,2.24,2.03,0.82
OR-26-05,14.0,16.0,0.009,0.04,0.002,0.002,0.011,2.3,9.25,4.71,1.83,1.48,1.62,2.67,0.74
OR-26-05,16.0,18.0,0.013,0.06,0.006,0.001,0.007,1.8,10.69,6.79,2.85,1.99,1.42,2.62,0.88
OR-26-05,18.0,20.0,0.011,0.02,0.002,0.002,0.008,3.3,11.82,6.42,2.61,1.17,1.97,3.03,0.55
OR-26-05,20.0,22.0,0.008,0.02,0.005,0.003,0.011,2.9,9.75,4.95,2.4,3.15,1.65,3.07,0.73
OR-26-05,22.0,24.0,0.036,0.18,0.004,0.002,0.009,2.0,10.32,5.9,2.28,2.99,2.19,3.45,0.75
OR-26-05,24.0,26.0,0.01,0.03,0.013,0.007,0.028,6.9,11.09,6.66,2.23,3.46,1.42,2.24,0.84
OR-26-05,26.0,28.0,0.045,0.2,0.005,0.002,0.018,3.7,10.72,4.14,2.67,3.03,1.49,3.38,0.7
OR-26-05,28.0,30.0,0.015,0.05,0.014,0.002,0.02,2.3,10.5,4.29,2.14,1.42,1.5,2.52,0.55
OR-26-05,30.0,32.0,0.002,0.02,0.007,0.001,0.007,1.2,11.77,4.05,2.4,3.26,1.76,2.61,0.79
OR-26-05,32.0,34.0,0.006,0.02,0.004,0.002,0.012,7.4,11.99,4.79,2.1,3.34,1.39,3.15,0.84
OR-26-05,34.0,36.0,0.003,0.02,0.005,0.004,0.022,9.0,9.59,6.59,2.28,2.91,2.29,2.32,0.69
OR-26-05,36.0,38.0,0.009,0.03,0.007,0.002,0.009,1.6,9.51,5.33,1.71,3.99,1.31,2.67,0.74
OR-26-05,38.0,40.0,0.014,0.08,0.006,0.002,0.009,4.7,11.45,6.8,2.73,1.19,1.63,2.8,0.65
OR-26-05,40.0,42.0,0.005,0.02,0.004,0.006,0.022,5.5,9.83,6.75,3.48,5.42,3.53,2.05,0.5
OR-26-05,42.0,44.0,0.013,0.07,0.006,0.004,0.016,2.5,8.89,7.28,2.71,5.54,2.8,1.4,0.56
OR-26-05,44.0,46.0,0.008,0.04,0.005,0.006,0.02,3.5,8.02,5.27,2.93,5.66,3.58,1.08,0.54
OR-26-05,46.0,48.0,0.006,0.03,0.007,0.001,0.008,2.5,8.69,6.77,3.13,6.19,2.86,1.03,0.79
OR-26-05,48.0,50.0,0.009,0.03,0.018,0.003,0.013,15.2,9.52,5.15,3.98,4.05,3.5,1.57,0.96
OR-26-05,50.0,52.0,0.003,0.02,0.006,0.002,0.009,1.9,9.55,5.88,3.16,6.6,3.33,1.98,0.97
OR-26-05,52.0,54.0,0.008,0.05,0.011,0.001,0.004,3.3,9.12,7.59,2.07,6.13,3.61,1.63,0.62
OR-26-05,54.0,56.0,0.019,0.06,0.018,0.002,0.019,3.1,9.7,5.85,3.94,4.88,2.55,1.34,0.68
OR-26-05,56.0,58.0,0.012,0.07,0.017,0.005,0.034,3.0,9.85,6.41,3.66,4.76,3.28,1.9,0.67
OR-26-05,58.0,60.0,0.009,0.04,0.006,0.001,0.009,3.7,8.43,6.08,3.98,6.13,2.78,2.01,0.97
OR-26-05,60.0,62.0,0.005,0.02,0.011,0.005,0.017,3.2,8.01,7.17,2.94,6.63,3.76,1.31,0.6
OR-26-05,62.0,64.0,0.012,0.03,0.004,0.002,0.01,16.3,9.09,7.26,3.59,6.18,2.91,1.69,0.91
OR-26-05,64.0,66.0,0.007,0.02,0.007,0.001,0.01,6.0,9.92,7.21,3.18,5.45,3.34,1.97,0.6
OR-26-05,66.0,68.0,0.012,0.03,0.002,0.003,0.021,2.1,8.74,7.65,3.05,5.47,3.31,1.21,0.69
OR-26-05,68.0,70.0,0.01,0.03,0.008,0.002,0.009,6.4,9.54,7.56,3.26,4.1,2.86,1.45,0.72
OR-26-05,70.0,72.0,0.012,0.03,0.003,0.001,0.007,5.2,9.02,6.73,2.08,5.64,3.54,1.29,0.82
OR-26-05,72.0,74.0,0.019,0.07,0.007,0.002,0.009,5.2,8.29,5.52,2.59,5.69,2.58,1.37,0.57
OR-26-05,74.0,76.0,0.012,0.06,0.004,0.007,0.04,3.7,8.39,7.07,2.12,5.95,2.8,1.22,0.81
OR-26-05,76.0,78.0,0.01,0.03,0.01,0.002,0.021,2.2,8.49,5.4,4.0,4.97,3.36,1.53,0.99
OR-26-05,78.0,80.0,0.018,0.1,0.004,0.001,0.011,3.0,8.06,5.29,3.41,5.94,2.95,1.97,0.52
OR-26-05,80.0,82.0,0.003,0.02,0.004,0.003,0.01,6.8,8.83,6.67,3.0,5.71,2.92,1.98,0.76
OR-26-05,82.0,84.0,0.006,0.03,0.007,0.002,0.013,6.5,8.84,6.56,3.52,4.51,2.74,1.59,0.51
OR-26-05,84.0,86.0,0.328,2.29,0.011,0.03,0.102,16.6,8.88,7.11,3.61,6.9,2.52,1.62,0.69
OR-26-05,86.0,88.0,0.23,2.16,0.062,0.072,0.277,7.6,8.38,7.32,3.34,4.41,3.25,2.05,0.92
OR-26-05,88.0,90.0,0.272,2.8,0.115,0.008,0.036,7.9,9.61,6.36,2.81,4.42,3.54,1.91,0.61
OR-26-05,90.0,92.0,4.175,35.88,0.014,0.011,0.108,8.0,8.37,6.44,3.54,5.04,2.66,1.81,0.84
OR-26-05,92.0,94.0,22.39,320.47,0.377,0.292,1.245,32.2,6.23,3.75,1.73,1.48,0.34,3.47,0.41
OR-26-05,94.0,96.0,3.895,31.22,0.784,1.746,4.32,45.3,6.6,5.19,1.93,0.63,0.15,1.87,0.46
OR-26-05,96.0,98.0,7.579,144.87,0.254,0.169,0.527,130.1,6.39,4.3,1.1,1.37,0.62,3.32,0.44
OR-26-05,98.0,100.0,2.455,41.45,0.656,0.477,0.992,72.2,4.75,3.83,0.97,0.48,0.54,2.92,0.42
OR-26-05,100.0,102.0,3.399,57.77,0.351,0.116,0.354,76.1,6.01,6.95,1.37,1.49,0.32,3.02,0.37
OR-26-05,102.0,104.0,2.571,30.9,0.825,0.188,0.39,52.7,5.25,5.65,1.34,0.89,0.17,1.57,0.4
OR-26-05,104.0,106.0,0.695,9.4,0.191,1.75,3.613,97.7,6.0,4.42,1.41,0.43,0.38,2.11,0.4
OR-26-05,106.0,108.0,10.11,167.45,0.812,0.154,0.407,53.7,5.89,5.22,1.96,0.65,0.25,2.52,0.47
OR-26-05,108.0,110.0,1.443,30.67,0.504,0.506,1.158,40.0,4.91,6.28,1.65,0.89,0.48,2.23,0.38
OR-26-05,110.0,112.0,12.657,201.04,0.444,0.408,1.273,253.4,4.92,3.49,1.53,0.36,0.68,1.55,0.46
OR-26-05,112.0,114.0,8.981,207.77,1.184,0.07,0.365,69.9,6.58,6.17,1.97,0.21,0.77,2.53,0.44
OR-26-05,114.0,116.0,1.007,20.94,0.99,0.163,0.716,469.2,4.75,6.72,1.12,1.32,0.26,2.43,0.26
OR-26-05,116.0,118.0,0.121,1.19,0.07,0.018,0.048,13.7,8.84,10.6,7.56,6.27,2.51,0.38,1.22
OR-26-05,118.0,120.0,0.367,3.74,0.184,0.009,0.076,41.0,7.65,9.63,5.82,6.91,2.36,0.49,1.73
OR-26-05,120.0,122.0,0.521,3.04,0.041,0.041,0.141,23.6,7.09,11.14,5.32,6.96,2.72,0.42,1.77
OR-26-05,122.0,124.0,0.853,7.21,0.03,0.014,0.049,12.0,8.31,11.61,5.01,7.73,2.65,0.72,1.54
OR-26-05,124.0,126.0,0.01,0.06,0.012,0.003,0.014,2.1,8.25,12.11,5.74,9.02,2.34,0.74,1.08
OR-26-05,126.0,128.0,0.011,0.05,0.01,0.002,0.01,4.5,7.11,11.71,5.67,8.82,2.45,0.9,1.05
OR-26-05,128.0,130.0,0.011,0.04,0.002,0.001,0.01,3.9,7.25,10.35,5.8,8.21,1.88,0.99,1.31
OR-26-05,130.0,132.0,0.01,0.04,0.005,0.006,0.03,2.7,8.48,10.13,5.94,7.64,1.86,0.59,1.09
OR-26-05,132.0,134.0,0.014,0.05,0.005,0.002,0.01,1.1,7.0,12.98,7.22,6.85,2.23,0.94,1.62
OR-26-05,134.0,136.0,0.022,0.06,0.009,0.002,0.015,3.9,8.76,12.55,5.9,8.87,2.54,0.6,1.7
OR-26-05,136.0,138.0,0.006,0.02,0.02,0.001,0.006,3.7,8.13,11.24,5.96,7.47,1.96,0.74,1.66
OR-26-05,138.0,140.0,0.006,0.02,0.004,0.002,0.011,3.2,8.36,11.56,7.85,7.34,2.58,0.74,1.46
OR-26-05,140.0,142.0,0.006,0.02,0.009,0.002,0.012,2.9,7.91,10.11,7.83,7.84,1.93,0.82,1.13
OR-26-05,142.0,144.0,0.034,0.19,0.007,0.006,0.026,2.7,8.68,12.71,6.13,9.69,2.59,0.79,1.27
OR-26-05,144.0,146.0,0.008,0.04,0.006,0.002,0.008,1.5,7.41,12.44,6.66,7.97,2.27,0.31,1.67
OR-26-05,146.0,148.0,0.015,0.08,0.01,0.005,0.031,3.1,7.94,12.96,7.12,7.84,2.12,0.45,1.34
OR-26-05,148.0,150.0,0.007,0.03,0.006,0.002,0.01,4.8,7.6,9.65,5.94,6.56,2.57,0.94,1.51
OR-26-05,150.0,152.0,0.008,0.04,0.007,0.002,0.008,2.0,8.54,12.87,6.43,9.73,2.68,0.93,1.15
OR-26-05,152.0,154.0,0.008,0.04,0.009,0.002,0.013,1.3,7.25,11.64,6.22,9.24,2.12,0.99,1.1
OR-26-05,154.0,156.0,0.005,0.02,0.005,0.002,0.008,2.1,8.53,11.22,5.32,7.44,1.82,0.62,1.19
OR-26-05,156.0,158.0,0.008,0.04,0.004,0.001,0.005,2.5,8.1,12.33,5.67,9.06,2.16,0.97,1.76
OR-26-05,158.0,160.0,0.013,0.05,0.013,0.001,0.012,4.5,8.8,9.03,6.7,7.02,2.48,0.74,1.6
OR-26-05,160.0,162.0,0.007,0.03,0.012,0.001,0.007,2.5,7.21,10.35,5.35,9.38,2.25,0.72,1.04
OR-26-05,162.0,164.0,0.01,0.05,0.005,0.001,0.011,2.1,7.64,9.14,6.03,7.13,2.13,0.89,1.45
OR-26-05,164.0,166.0,0.04,0.14,0.009,0.004,0.021,4.1,10.29,5.43,2.41,3.54,1.5,2.84,0.66
OR-26-05,166.0,168.0,0.004,0.02,0.002,0.002,0.01,2.5,11.2,6.41,2.69,2.19,2.02,2.32,0.61
OR-26-05,168.0,170.0,0.031,0.15,0.006,0.001,0.004,1.4,9.32,5.37,1.52,2.3,1.29,2.61,0.77
OR-26-05,170.0,172.0,0.052,0.3,0.005,0.003,0.01,8.1,10.95,4.88,1.92,3.28,1.14,3.49,0.56
OR-26-05,172.0,174.0,0.003,0.02,0.007,0.003,0.012,7.4,11.76,6.59,2.51,3.19,2.3,3.26,0.7
OR-26-05,174.0,176.0,0.007,0.03,0.007,0.002,0.011,4.9,11.12,4.31,1.81,2.45,2.16,2.41,0.8
OR-26-05,176.0,178.0,0.007,0.04,0.007,0.001,0.011,2.6,10.42,6.76,2.08,3.69,1.44,3.12,0.56
OR-26-05,178.0,180.0,0.016,0.08,0.002,0.003,0.012,9.8,10.28,4.69,2.45,3.55,2.11,3.07,0.52
OR-26-05,180.0,182.0,0.011,0.05,0.01,0.001,0.008,2.2,10.47,6.65,1.83,3.88,2.0,3.34,0.85
OR-26-05,182.0,184.0,0.005,0.02,0.005,0.002,0.013,3.8,11.18,5.77,2.6,1.32,2.47,3.18,0.54
OR-26-05,184.0,186.0,0.018,0.1,0.009,0.001,0.005,3.0,11.55,5.11,1.65,1.75,2.25,2.78,0.64
OR-26-05,186.0,188.0,0.01,0.03,0.009,0.008,0.026,1.8,10.94,5.33,2.29,2.37,1.61,2.86,0.66
OR-26-05,188.0,190.0,0.008,0.04,0.004,0.002,0.006,4.4,11.21,5.5,1.64,1.31,1.07,2.43,0.66
OR-26-05,190.0,192.0,0.013,0.06,0.01,0.002,0.013,2.2,9.89,5.79,1.56,1.95,1.91,3.19,0.82
OR-26-05,192.0,194.0,0.009,0.02,0.009,0.003,0.01,4.6,11.91,4.62,1.7,2.68,1.66,3.43,0.52
OR-26-05,194.0,196.0,0.009,0.04,0.004,0.002,0.006,7.3,10.94,5.9,2.68,3.49,2.45,3.42,0.64
OR-26-05,196.0,198.0,0.021,0.05,0.008,0.003,0.016,1.4,11.47,4.59,1.74,2.06,1.53,2.5,0.63
OR-26-05,198.0,200.0,0.011,0.04,0.007,0.003,0.019,3.6,7.99,9.33,7.76,9.16,1.92,0.45,1.53
OR-26-05,200.0,202.0,0.012,0.04,0.005,0.001,0.008,10.7,8.12,12.05,6.89,6.03,2.17,0.39,1.55
OR-26-05,202.0,204.0,0.009,0.02,0.012,0.001,0.007,1.2,7.86,9.05,7.85,6.49,2.67,0.99,1.44
OR-26-05,204.0,206.0,0.003,0.02,0.004,0.003,0.013,3.3,8.07,9.03,7.16,9.83,1.96,0.61,1.47
OR-26-05,206.0,208.0,0.026,0.09,0.009,0.004,0.018,5.4,8.0,10.39,5.18,9.12,2.0,0.42,1.11
OR-26-05,208.0,210.0,0.029,0.1,0.007,0.002,0.011,6.6,8.4,11.48,6.4,8.48,2.5,0.7,1.63
OR-26-05,210.0,212.0,0.009,0.03,0.011,0.004,0.017,2.0,8.53,10.32,5.52,7.79,2.78,0.32,1.24
OR-26-05,212.0,214.0,0.006,0.03,0.008,0.002,0.007,8.8,8.93,11.44,6.02,6.71,2.73,0.83,1.46
OR-26-05,214.0,216.0,0.005,0.02,0.003,0.002,0.011,5.3,7.7,7.91,5.8,3.64,1.6,1.65,0.61
OR-26-05,216.0,218.0,0.022,0.09,0.013,0.001,0.006,2.2,7.93,7.6,5.86,3.98,2.66,0.82,0.88
OR-26-05,218.0,220.0,0.005,0.02,0.003,0.01,0.041,4.0,9.6,7.97,5.19,5.78,1.78,0.82,1.16
OR-26-05,220.0,222.0,0.008,0.04,0.004,0.003,0.012,7.6,9.85,6.86,5.07,5.98,1.8,1.5,1.1
OR-26-05,222.0,224.0,0.019,0.07,0.003,0.005,0.017,2.1,8.99,9.25,5.83,4.07,2.01,1.56,1.08
OR-26-05,224.0,226.0,0.017,0.09,0.012,0.001,0.007,5.1,9.28,8.35,4.07,3.95,2.15,0.94,0.76
OR-26-05,226.0,228.0,0.013,0.07,0.007,0.001,0.008,1.9,9.89,9.75,5.74,5.85,2.41,1.77,0.98
OR-26-05,228.0,230.0,0.01,0.05,0.014,0.012,0.042,5.2,8.06,9.3,4.3,3.65,2.58,1.59,0.98
OR-26-05,230.0,232.0,0.011,0.06,0.01,0.004,0.017,5.7,8.48,6.24,5.62,5.58,2.07,1.59,0.69
OR-26-05,232.0,234.0,0.006,0.03,0.007,0.002,0.01,3.6,7.89,7.35,4.55,3.47,2.09,1.15,0.83
OR-26-05,234.0,236.0,0.01,0.06,0.003,0.004,0.021,3.7,7.32,7.25,4.36,4.96,2.0,1.54,1.1
OR-26-05,236.0,238.0,0.006,0.02,0.005,0.004,0.016,8.4,7.2,8.07,3.43,5.32,2.38,1.03,1.19
OR-26-05,238.0,240.0,0.022,0.06,0.01,0.005,0.017,2.3,7.94,8.48,3.18,4.09,1.96,1.39,1.08
OR-26-05,240.0,242.0,0.01,0.03,0.009,0.001,0.008,3.2,9.38,9.17,4.2,5.31,2.28,0.83,1.1
OR-26-05,242.0,244.0,0.033,0.13,0.007,0.002,0.011,3.8,7.2,7.98,5.04,4.57,2.56,1.8,1.18
OR-26-05,244.0,246.0,0.008,0.03,0.006,0.002,0.011,1.7,8.53,7.64,3.79,3.52,1.9,0.86,0.77
OR-26-05,246.0,248.0,0.015,0.05,0.009,0.001,0.007,5.3,9.11,7.72,4.58,4.95,2.53,1.74,0.98
OR-26-05,248.0,250.0,0.017,0.05,0.006,0.003,0.012,7.3,9.42,8.47,3.68,4.56,1.66,1.11,0.64
OR-26-05,250.0,252.0,0.012,0.05,0.005,0.001,0.007,1.2,9.65,8.18,4.02,4.5,1.82,0.84,0.78
OR-26-05,252.0,254.0,0.006,0.02,0.006,0.003,0.015,3.4,8.58,7.15,5.84,4.45,1.71,1.34,0.91
OR-26-05,254.0,256.0,0.011,0.04,0.008,0.006,0.029,6.9,8.13,6.04,4.13,5.29,2.5,1.23,0.87
OR-26-05,256.0,258.0,0.012,0.05,0.009,0.001,0.005,2.7,9.81,9.97,5.94,3.52,1.92,1.06,1.14
OR-26-05,258.0,260.0,0.015,0.04,0.005,0.002,0.008,4.6,7.73,9.82,4.03,5.21,2.33,1.19,1.18
OR-26-05,260.0,262.0,0.01,0.03,0.003,0.002,0.009,5.4,7.75,7.05,5.44,4.43,2.38,1.48,1.08
OR-26-05,262.0,264.0,0.012,0.06,0.008,0.009,0.033,1.2,8.06,9.01,4.67,4.72,1.62,0.98,0.68
OR-26-05,264.0,266.0,0.021,0.08,0.008,0.003,0.015,3.7,8.55,9.26,4.22,5.3,2.27,1.68,0.66
OR-26-05,266.0,268.0,0.004,0.02,0.005,0.003,0.012,2.9,7.22,9.93,4.75,5.17,2.67,0.9,0.64
OR-26-05,268.0,270.0,0.008,0.02,0.004,0.003,0.015,1.0,9.85,9.28,4.65,4.19,1.62,1.07,0.65
OR-26-05,270.0,272.0,0.011,0.05,0.005,0.005,0.017,3.1,8.79,6.9,4.58,5.24,2.05,1.7,1.14
OR-26-05,272.0,274.0,0.007,0.02,0.006,0.002,0.009,5.3,8.61,6.34,3.18,5.46,1.61,1.17,0.74
OR-26-05,274.0,276.0,0.008,0.02,0.011,0.004,0.013,7.6,9.84,8.9,5.69,4.57,1.6,0.88,1.1
OR-26-05,276.0,278.0,0.025,0.14,0.011,0.007,0.03,2.6,8.57,7.41,4.2,3.94,1.68,1.08,1.0
OR-26-05,278.0,280,0.023,0.07,0.022,0.002,0.016,2.3,9.3,7.16,5.17,3.05,2.03,0.83,1.09
OR-26-06,0.0,2.0,0.007,0.02,0.007,0.007,0.031,3.6,5.16,3.13,2.09,1.86,1.37,1.23,0.4
OR-26-06,2.0,4.0,0.005,0.03,0.004,0.005,0.02,1.0,6.35,5.66,1.39,2.68,1.42,1.61,0.35
OR-26-06,4.0,6.0,0.009,0.05,0.004,0.002,0.009,1.4,6.94,5.36,2.45,1.32,1.49,1.02,0.36
OR-26-06,6.0,8.0,0.016,0.06,0.009,0.002,0.009,1.5,7.78,5.44,2.64,1.37,1.31,1.01,0.37
OR-26-06,8.0,10.0,0.005,0.03,0.004,0.001,0.006,6.0,9.53,6.48,2.59,3.36,2.32,2.68,0.67
OR-26-06,10.0,12.0,0.02,0.06,0.008,0.001,0.012,4.3,9.53,6.6,1.9,3.06,2.0,2.95,0.53
OR-26-06,12.0,14.0,0.009,0.04,0.004,0.001,0.005,3.9,9.56,5.17,2.26,3.36,1.84,2.52,0.89
OR-26-06,14.0,16.0,0.007,0.02,0.015,0.001,0.007,4.6,10.78,6.82,2.41,1.73,1.32,3.21,0.61
OR-26-06,16.0,18.0,0.024,0.06,0.014,0.003,0.009,1.6,10.05,5.88,2.18,1.96,1.73,2.82,0.52
OR-26-06,18.0,20.0,0.009,0.03,0.006,0.001,0.008,1.5,10.96,4.92,1.93,3.14,1.56,3.21,0.86
OR-26-06,20.0,22.0,0.004,0.02,0.012,0.005,0.028,2.0,10.08,5.57,1.88,1.62,1.91,2.17,0.59
OR-26-06,22.0,24.0,0.007,0.04,0.007,0.002,0.008,2.8,9.55,6.1,2.22,3.79,1.33,3.07,0.66
OR-26-06,24.0,26.0,0.005,0.02,0.004,0.003,0.01,2.8,9.38,4.44,1.78,1.21,1.82,2.97,0.84
OR-26-06,26.0,28.0,0.003,0.02,0.008,0.002,0.009,0.9,11.51,4.86,1.91,2.5,1.61,3.19,0.58
OR-26-06,28.0,30.0,0.028,0.1,0.012,0.002,0.009,2.3,11.76,6.34,1.96,3.32,1.17,2.59,0.73
OR-26-06,30.0,32.0,0.014,0.07,0.003,0.003,0.011,1.5,10.27,4.59,2.86,3.8,2.45,2.38,0.51
OR-26-06,32.0,34.0,0.009,0.05,0.008,0.004,0.016,4.1,9.03,5.45,2.86,2.46,2.04,2.8,0.87
OR-26-06,34.0,36.0,0.006,0.02,0.005,0.001,0.006,0.8,10.36,5.49,2.05,2.37,1.05,2.06,0.89
OR-26-06,36.0,38.0,0.008,0.05,0.006,0.004,0.019,2.6,9.66,6.3,2.31,2.99,2.09,2.86,0.77
OR-26-06,38.0,40.0,0.008,0.03,0.01,0.002,0.014,5.0,9.07,5.75,2.55,3.47,2.07,2.9,0.64
OR-26-06,40.0,42.0,0.02,0.08,0.003,0.003,0.015,8.0,10.98,6.28,1.92,3.82,1.88,2.82,0.65
OR-26-06,42.0,44.0,0.029,0.12,0.011,0.004,0.019,12.0,10.03,4.92,2.3,2.44,1.6,2.45,0.5
OR-26-06,44.0,46.0,0.022,0.12,0.008,0.001,0.007,3.3,10.55,6.04,2.75,2.31,1.32,2.06,0.74
OR-26-06,46.0,48.0,0.008,0.03,0.008,0.002,0.009,3.7,8.72,5.76,2.05,6.49,3.5,1.38,0.67
OR-26-06,48.0,50.0,0.02,0.1,0.011,0.005,0.016,2.1,9.39,6.03,2.91,6.57,2.71,1.27,0.81
OR-26-06,50.0,52.0,0.007,0.02,0.009,0.005,0.019,2.9,8.37,7.65,3.86,6.12,3.69,1.4,0.54
OR-26-06,52.0,54.0,0.02,0.09,0.006,0.002,0.008,10.2,9.41,5.97,3.29,6.71,2.6,2.17,0.59
OR-26-06,54.0,56.0,0.008,0.02,0.003,0.001,0.007,3.3,8.29,6.27,3.94,4.11,3.75,1.41,0.9
OR-26-06,56.0,58.0,0.024,0.11,0.014,0.003,0.019,6.7,8.35,6.14,2.21,6.71,3.06,2.17,0.55
OR-26-06,58.0,60.0,0.01,0.03,0.009,0.003,0.012,1.8,8.99,7.57,3.17,5.38,3.31,2.12,0.69
OR-26-06,60.0,62.0,0.006,0.02,0.004,0.001,0.011,4.6,8.96,7.91,3.98,6.84,3.34,1.79,0.96
OR-26-06,62.0,64.0,0.006,0.03,0.005,0.005,0.028,2.7,8.01,5.09,2.06,6.64,3.63,1.91,0.63
OR-26-06,64.0,66.0,0.013,0.05,0.007,0.002,0.008,4.2,9.21,5.89,3.6,4.32,3.44,1.48,0.58
OR-26-06,66.0,68.0,0.003,0.02,0.016,0.002,0.01,3.5,9.07,5.24,3.89,6.54,3.45,2.19,0.59
OR-26-06,68.0,70.0,0.008,0.04,0.008,0.002,0.011,2.5,8.6,5.74,3.92,4.51,2.77,2.18,0.56
OR-26-06,70.0,72.0,0.005,0.02,0.019,0.003,0.015,4.9,9.08,7.79,2.82,5.92,3.5,1.44,0.55
OR-26-06,72.0,74.0,0.026,0.11,0.003,0.001,0.01,2.1,9.55,6.99,2.05,6.82,3.01,1.76,0.99
OR-26-06,74.0,76.0,0.019,0.06,0.007,0.001,0.005,1.4,9.08,5.64,3.71,4.41,3.51,1.09,0.95
OR-26-06,76.0,78.0,0.005,0.02,0.013,0.002,0.008,4.8,8.71,6.88,2.18,5.62,3.02,1.82,0.66
OR-26-06,78.0,80.0,0.009,0.02,0.015,0.001,0.012,3.6,9.16,5.33,2.01,5.87,2.5,1.61,0.69
OR-26-06,80.0,82.0,0.025,0.06,0.004,0.002,0.009,4.0,8.67,6.08,3.7,6.93,3.49,1.91,0.69
OR-26-06,82.0,84.0,0.023,0.14,0.007,0.001,0.005,7.5,9.46,5.43,3.0,4.41,3.51,1.64,0.53
OR-26-06,84.0,86.0,0.029,0.16,0.016,0.002,0.009,5.3,9.68,5.99,2.56,6.36,3.65,1.67,0.76
OR-26-06,86.0,88.0,0.013,0.05,0.003,0.004,0.017,7.1,8.35,6.34,3.21,6.65,2.53,1.12,0.6
OR-26-06,88.0,90.0,0.016,0.07,0.004,0.002,0.01,3.8,9.85,7.13,3.24,6.31,2.65,1.69,0.63
OR-26-06,90.0,92.0,0.011,0.03,0.007,0.003,0.019,1.9,9.35,6.69,2.23,4.65,3.39,2.13,0.72
OR-26-06,92.0,94.0,0.013,0.06,0.009,0.002,0.017,9.0,8.2,7.82,2.93,5.37,2.6,1.18,0.9
OR-26-06,94.0,96.0,0.018,0.07,0.004,0.001,0.005,4.6,8.82,6.41,2.05,5.7,2.71,1.6,0.88
OR-26-06,96.0,98.0,0.017,0.04,0.009,0.002,0.013,2.9,9.01,5.75,3.45,6.57,3.38,1.34,0.53
OR-26-06,98.0,100.0,0.702,10.36,0.015,0.036,0.167,41.5,9.65,5.01,3.8,5.47,3.58,1.37,0.62
OR-26-06,100.0,102.0,0.332,2.76,0.078,0.013,0.035,10.2,8.5,6.93,3.07,5.76,2.57,1.28,0.64
OR-26-06,102.0,104.0,0.383,3.35,0.049,0.017,0.061,29.3,9.26,5.36,2.71,5.92,3.43,2.09,0.87
OR-26-06,104.0,106.0,0.544,4.18,0.057,0.024,0.061,36.9,9.03,5.2,3.66,4.8,3.61,1.28,0.76
OR-26-06,106.0,108.0,6.731,157.57,0.682,0.128,0.415,36.8,4.33,6.2,1.03,1.35,0.27,3.43,0.46
OR-26-06,108.0,110.0,1.513,32.04,1.526,0.168,0.461,24.9,6.76,5.16,0.77,0.6,0.74,2.55,0.22
OR-26-06,110.0,112.0,1.268,13.69,0.359,0.168,0.779,84.9,5.68,4.57,1.78,0.44,0.47,2.2,0.24
OR-26-06,112.0,114.0,0.727,12.23,0.611,0.286,1.367,139.9,5.92,4.24,1.95,0.37,0.44,1.82,0.24
OR-26-06,114.0,116.0,17.225,183.27,0.253,0.033,0.214,44.3,4.39,6.73,1.41,1.13,0.64,3.38,0.49
OR-26-06,116.0,118.0,1.276,20.47,0.499,0.121,0.313,33.6,6.62,3.74,1.28,0.47,0.18,3.03,0.47
OR-26-06,118.0,120.0,0.478,6.46,2.387,0.022,0.087,76.2,6.69,4.16,1.1,1.3,0.39,2.94,0.38
OR-26-06,120.0,122.0,7.372,169.81,0.45,0.276,1.12,294.3,4.63,5.31,1.4,0.26,0.47,2.99,0.26
OR-26-06,122.0,124.0,8.954,156.89,0.236,0.57,1.818,51.2,4.85,6.84,1.9,0.39,0.64,3.73,0.4
OR-26-06,124.0,126.0,8.469,199.29,1.236,0.213,0.444,110.1,6.7,6.41,1.99,0.37,0.4,1.66,0.41
OR-26-06,126.0,128.0,1.642,37.46,0.596,0.056,0.311,41.1,5.66,3.28,1.34,0.85,0.31,1.7,0.32
OR-26-06,128.0,130.0,2.932,35.48,0.037,0.029,0.123,13.3,7.1,10.21,6.72,8.0,2.61,0.75,1.77
OR-26-06,130.0,132.0,0.2,1.7,0.027,0.015,0.082,56.1,8.84,11.18,6.75,8.39,2.72,0.53,1.68
OR-26-06,132.0,134.0,0.385,4.94,0.027,0.016,0.076,37.5,7.26,11.75,6.42,8.44,1.93,0.67,1.36
OR-26-06,134.0,136.0,0.455,4.79,0.022,0.067,0.654,10.2,7.76,12.96,5.24,7.55,2.33,0.44,1.27
OR-26-06,136.0,138.0,0.993,12.87,0.071,0.078,0.252,20.3,7.09,10.79,5.34,7.18,2.57,0.71,1.71
OR-26-06,138.0,140.0,0.042,0.24,0.002,0.002,0.014,3.3,8.43,12.72,7.34,6.26,2.2,0.89,1.58
OR-26-06,140.0,142.0,0.011,0.04,0.006,0.001,0.01,1.3,8.15,10.96,6.56,7.42,2.8,0.51,1.43
OR-26-06,142.0,144.0,0.007,0.02,0.006,0.002,0.009,2.6,7.92,12.63,7.79,8.9,2.73,0.65,1.49
OR-26-06,144.0,146.0,0.003,0.02,0.007,0.003,0.011,3.7,7.51,11.02,6.58,7.24,2.21,0.31,1.12
OR-26-06,146.0,148.0,0.006,0.03,0.008,0.002,0.008,2.4,8.71,11.33,6.35,7.78,2.79,0.38,1.39
OR-26-06,148.0,150.0,0.025,0.06,0.009,0.005,0.023,6.2,7.69,12.06,6.14,7.83,2.49,0.78,1.52
OR-26-06,150.0,152.0,0.003,0.02,0.012,0.004,0.012,6.4,8.31,12.01,6.42,7.16,2.15,0.41,1.64
OR-26-06,152.0,154.0,0.016,0.04,0.003,0.001,0.005,4.2,7.75,11.7,7.68,7.6,2.61,0.96,1.76
OR-26-06,154.0,156.0,0.022,0.05,0.023,0.001,0.005,5.5,8.11,11.49,5.36,6.34,2.15,0.6,1.51
OR-26-06,156.0,158.0,0.003,0.02,0.007,0.003,0.013,4.2,8.07,9.71,5.22,6.25,2.23,0.98,1.12
OR-26-06,158.0,160.0,0.01,0.03,0.005,0.002,0.01,14.6,8.31,12.88,5.16,8.45,2.55,0.35,1.43
OR-26-06,160.0,162.0,0.03,0.11,0.005,0.006,0.034,3.9,7.18,9.05,6.18,7.73,1.89,0.46,1.69
OR-26-06,162.0,164.0,0.016,0.04,0.014,0.003,0.014,2.3,8.45,10.77,5.95,9.13,2.44,0.77,1.72
OR-26-06,164.0,166.0,0.006,0.02,0.015,0.001,0.006,7.6,7.49,11.8,7.8,9.5,2.19,0.32,1.3
OR-26-06,166.0,168.0,0.005,0.02,0.01,0.003,0.012,5.1,8.46,9.37,5.95,7.16,1.96,0.75,1.79
OR-26-06,168.0,170.0,0.012,0.04,0.004,0.003,0.017,8.8,7.79,12.49,5.43,6.8,2.42,0.65,1.55
OR-26-06,170.0,172.0,0.031,0.08,0.009,0.001,0.007,3.3,8.27,10.52,7.97,7.92,2.63,0.87,1.48
OR-26-06,172.0,174.0,0.013,0.07,0.004,0.001,0.009,1.2,8.75,10.34,7.51,9.47,2.37,0.9,1.2
OR-26-06,174.0,176.0,0.015,0.03,0.007,0.003,0.011,7.0,7.65,9.02,5.94,9.92,2.56,0.4,1.52
OR-26-06,176.0,178.0,0.005,0.03,0.003,0.002,0.009,3.6,10.62,6.02,2.97,2.98,1.34,2.35,0.7
OR-26-06,178.0,180.0,0.026,0.08,0.005,0.001,0.005,2.8,9.4,4.59,2.69,3.13,2.05,3.16,0.58
OR-26-06,180.0,182.0,0.031,0.09,0.01,0.005,0.017,4.1,9.85,6.7,2.42,1.87,1.47,2.45,0.63
OR-26-06,182.0,184.0,0.032,0.14,0.008,0.002,0.017,7.9,9.05,6.92,2.11,3.48,2.47,2.05,0.61
OR-26-06,184.0,186.0,0.011,0.05,0.005,0.002,0.008,1.3,10.32,6.98,1.7,1.28,2.04,3.33,0.52
OR-26-06,186.0,188.0,0.006,0.03,0.008,0.004,0.024,2.1,11.45,6.57,2.04,1.7,2.47,2.08,0.66
OR-26-06,188.0,190.0,0.008,0.02,0.008,0.002,0.007,1.3,9.07,4.47,1.96,1.23,2.21,2.86,0.83
OR-26-06,190.0,192.0,0.01,0.02,0.012,0.005,0.025,1.7,11.41,6.73,2.11,2.02,1.76,2.89,0.77
OR-26-06,192.0,194.0,0.028,0.08,0.019,0.003,0.015,6.0,9.48,4.11,2.56,1.09,1.52,2.69,0.57
OR-26-06,194.0,196.0,0.009,0.02,0.004,0.002,0.014,3.2,10.41,4.35,2.36,3.82,1.98,2.01,0.84
OR-26-06,196.0,198.0,0.007,0.02,0.014,0.001,0.008,2.9,11.89,6.3,1.93,2.89,1.72,3.2,0.6
OR-26-06,198.0,200.0,0.015,0.07,0.007,0.002,0.007,2.1,11.97,4.19,2.09,3.86,2.08,2.78,0.68
OR-26-06,200.0,202.0,0.009,0.05,0.003,0.003,0.016,4.6,11.1,5.26,2.95,3.56,1.33,3.34,0.68
OR-26-06,202.0,204.0,0.009,0.02,0.005,0.002,0.017,3.9,11.94,4.07,2.92,1.85,2.02,3.09,0.69
OR-26-06,204.0,206.0,0.014,0.03,0.007,0.002,0.009,4.5,9.52,6.71,2.13,3.65,1.92,2.51,0.64
OR-26-06,206.0,208.0,0.005,0.02,0.011,0.002,0.009,2.4,10.55,6.62,2.31,3.0,2.0,2.56,0.68
OR-26-06,208.0,210.0,0.008,0.05,0.008,0.003,0.018,5.1,11.05,6.35,2.5,1.5,1.18,3.13,0.74
OR-26-06,210.0,212.0,0.006,0.02,0.007,0.002,0.007,3.7,8.19,12.94,7.89,6.55,2.5,0.36,1.69
OR-26-06,212.0,214.0,0.007,0.04,0.006,0.002,0.018,2.6,7.31,9.44,5.68,9.44,2.67,0.73,1.26
OR-26-06,214.0,216.0,0.002,0.02,0.006,0.001,0.004,4.2,7.88,10.38,7.82,7.57,1.91,0.71,1.3
OR-26-06,216.0,218.0,0.015,0.09,0.005,0.002,0.015,2.6,8.43,12.01,5.89,6.15,2.15,0.68,1.24
OR-26-06,218.0,220.0,0.019,0.05,0.007,0.002,0.008,2.5,8.01,9.74,7.04,8.02,2.02,0.94,1.44
OR-26-06,220.0,222.0,0.045,0.14,0.005,0.001,0.012,4.2,7.86,10.31,6.12,6.0,2.03,0.63,1.27
OR-26-06,222.0,224.0,0.013,0.05,0.011,0.007,0.025,8.0,8.55,10.31,7.43,9.69,2.44,0.78,1.19
OR-26-06,224.0,226.0,0.008,0.03,0.007,0.001,0.005,6.6,8.95,10.66,7.4,8.28,2.44,0.35,1.11
OR-26-06,226.0,228.0,0.015,0.07,0.01,0.002,0.007,2.1,8.4,7.37,4.94,5.82,2.2,1.6,0.74
OR-26-06,228.0,230.0,0.01,0.02,0.007,0.003,0.011,7.5,9.9,8.69,4.26,3.35,2.78,0.84,0.85
OR-26-06,230.0,232.0,0.006,0.02,0.004,0.006,0.027,3.6,7.94,7.87,4.62,5.7,2.42,1.14,1.19
OR-26-06,232.0,234.0,0.013,0.05,0.005,0.005,0.02,9.7,7.33,8.34,5.63,3.99,2.77,0.87,0.97
OR-26-06,234.0,236.0,0.006,0.02,0.007,0.002,0.011,5.0,7.44,8.57,3.77,3.37,1.73,0.84,1.12
OR-26-06,236.0,238.0,0.038,0.16,0.007,0.003,0.013,3.0,9.63,7.7,5.02,5.26,1.77,1.37,1.08
OR-26-06,238.0,240.0,0.008,0.02,0.01,0.001,0.007,3.8,7.82,6.22,4.51,5.76,2.39,0.92,0.68
OR-26-06,240.0,242.0,0.013,0.06,0.012,0.002,0.009,4.0,7.29,7.53,3.96,3.03,2.06,1.33,0.9
OR-26-06,242.0,244.0,0.017,0.07,0.004,0.002,0.007,3.2,9.26,6.54,5.5,5.65,1.76,0.98,0.94
OR-26-06,244.0,246.0,0.004,0.02,0.009,0.003,0.014,2.9,8.45,7.34,5.12,5.01,1.5,1.22,0.78
OR-26-06,246.0,248.0,0.029,0.15,0.007,0.003,0.021,3.3,7.89,6.72,5.53,5.9,2.57,1.39,1.13
OR-26-06,248.0,250.0,0.023,0.08,0.005,0.003,0.017,8.3,7.12,8.48,3.29,4.5,1.82,1.58,0.94
OR-26-06,250.0,252.0,0.009,0.05,0.005,0.001,0.01,2.9,8.57,9.97,5.29,5.63,2.09,0.98,0.62
OR-26-06,252.0,254.0,0.012,0.06,0.005,0.008,0.04,3.6,7.08,9.11,4.31,3.26,2.33,1.78,0.82
OR-26-06,254.0,256.0,0.005,0.02,0.007,0.001,0.006,3.1,7.13,9.77,4.88,4.65,1.55,1.76,0.83
OR-26-06,256.0,258.0,0.005,0.02,0.005,0.001,0.006,2.3,8.62,9.19,5.33,3.88,2.74,0.83,1.06
OR-26-06,258.0,260,0.012,0.05,0.011,0.003,0.024,2.8,7.16,7.61,3.69,4.04,1.95,1.6,0.85
